,Document,ClusterLabel
0,聚力·焕新，耀视界。2022#微博视界大会#，以“微博之力”汇聚剧综先锋力量。风起洛阳时，梦回神都日。11月29日，与我一起，向光而行，焕新出发，共赴美好生活！一起聊聊#剧综作品中你最敬仰的人物角色#吧！#风起洛阳#,10
1,#王一博百里弘毅# 恭喜风起洛阳王一博百里弘毅 登剧集人物角色提及量 百里弘毅这角色演绎得很出色 聪明绝顶 有勇有谋 做正确的事 不会武功还总是冲在最前方 @UNIQ-王一博 #风起洛阳# 丨 #微博剧综行业报告# 菲菲儿·YiBo的微博视频,12
2,角色单人cut/ #色链分享# 卿卿日常 色链✘18 预览如下，只试了#卿卿日常# 和#风起洛阳# 两部剧，其他未知，感觉都挺通用 三连带截图和色链名，缺一不发 晚上统一发，还没想好色链名，勿催 xz一切粉丝勿扰,4
3,张俪 张俪｜风起洛阳｜窈娘 “骄傲的人连拭泪都是带着一股傲气” 歌排感谢：他的愿都实现了吗 #张俪##风起洛阳##没想到你是这样的张俪# kronosvency_的微博视频,9
4,#青年演员王一博# 💚💚💚#王一博风起洛阳# 最近运气不咋滴，再来看看我们的百里弘毅大婚来沾沾喜气！这是我们王一博宝贝首部屏幕婚礼。大家吃好，喝好，玩好，不要太见外啊。恭贺百里家二郎与柳家七娘喜结连理！@UNIQ-王一博 #风起洛阳#   《风起洛阳》百里弘毅柳然大婚,12
5,"王一博💚#风起洛阳#💚#电影无名#

晚上好呀谢允，百里弘毅，蓝忘机！ 💚",8
6,二郎不要难过了#王一博##风起洛阳#王一博 藏进宇宙里li的微博视频,8
7,#风起洛阳# 看到第20集，因为七娘想弃剧，又因为没看到结局不死心，真是太难受了，为什么要有柳七娘这种膈应人的人设？？？,4
8,“不要碰她”“自与你成婚之后 你能懂我 琴瑟和鸣 我觉得很好”#风起洛阳##王一博##宋轶# 魔法水果糖的微博视频,14
9,"#风起洛阳#
我的窈娘，为什么是你。",4
10,黄轩的剧，看一眼，能追完不？#风起洛阳#,6
11,"#风起洛阳# 好好看
起初因为百里二郎#王一博百里弘毅# 和柳七娘想看
可是探案剧，我又想放弃怕他俩的戏份少就放弃了
实际上他俩戏份一点也不少，每集都有哦
而且！！探案过程真的吸引人
而且第一集就能爱上，场景和滤镜都好好看，后悔这么快就看完了",4
12,最近追了：#民间怪谈录 ##昆仑神宫##促醒者##风起洛阳#,4
13,恭喜#风起洛阳# ，恭喜我的时代和我2，恭喜#余生请多指教# ，恭喜#王牌部队# ，恭喜#这就是街舞# ，恭喜#王一博# 恭喜#肖战#,4
14,"博君一肖
我不管 就是同台了 采访一下肖战坐在台下看风起洛阳的心情#博君一肖##风起洛阳#",4
15,#风起洛阳#同台了同台了,4
16,想看#风起洛阳# 了，想念#王一博百里弘毅# 百里二郎，98一年我冲不冲呢？,8
17,王一博#风起洛阳# 喜欢王一博演的沉稳睿智的理工男百里弘毅！剧情紧凑荡气回肠，不愧是良心好剧！@UNIQ-王一博 #王一博#,12
18,挺好看的呀，我怎么现在才发现这剧🙃#风起洛阳#,4
19,#风起洛阳# 不良井人住在神都阴暗潮湿的下水道井下。终身不得踏出不良井半步，生老病死都在这井下，官家和圣人知道有“不良井”这个地方，但永远也不会踏入不良井半步，更不会把这帮下等人出生的反骨仔放出来。,6
20,不想上班 想去大唐和高秉竹一起查案#风起洛阳#,4
21,有妻如此，夫复何求呀，七娘跟二郎甜甜甜#风起洛阳##王一博##宋轶# 魔法水果糖的微博视频,14
22,"#风起洛阳#·#台词分享打卡#

“我凭什么相信你？！”

#王一博百里弘毅#|#王一博风起洛阳#",12
23,"#王一博百里弘毅#

恭喜风起洛阳王一博百里弘毅
登剧集人物角色提及量
百里弘毅这角色演绎得很出色
聪明绝顶 有勇有谋 做正确的事
不会武功还总是冲在最前方
@UNIQ-王一博

#风起洛阳# 丨
#微博剧综行业报告# 菲菲儿·YiBo的微博视频",12
24,"#王一博风起洛阳# 王一博 #王一博百里弘毅#
百里府的喵来啦！百里弘毅小公子最近好吗？想你了呢！@UNIQ-王一博
#王一博# 风起洛阳 #风起洛阳# wyb #青年演员王一博#
YIBO-OFFICIAL的微博视频",12
25,#追剧打卡#看完了风起洛阳，百里二郎和高秉烛的结局一个没有了阿爷，一个没有了阿娘，申非走了，武思月也没了，太刀了吧幸好二郎身边还有个七娘，但是高秉烛依旧是一个人#风起洛阳##黄轩#风起洛阳#王一博风起洛阳#,6
26,"我的男孩也太好看了吧

#风起洛阳# #王一博# 小八娱的微博视频",14
27,#剧综作品中你最敬仰的人物角色#百里弘毅#微博视界大会##王一博百里弘毅# @UNIQ-王一博 #风起洛阳# @风起洛阳官微,12
28,"王一博#王一博# wyb#风起洛阳#
风起洛阳危机重重，
和神都少年王一博百里弘毅一起探案
拨云见日",12
29,"#长安十二时辰##风起洛阳##御赐小仵作##唐朝诡事录#我看完的电视剧，居然都是唐朝，居然都是团体破案。

长安⭐⭐⭐⭐⭐结尾有点仓促，瑕不掩瑜。洛阳⭐⭐⭐☆男一号不应该去掉胡子。小仵作⭐⭐⭐总觉得差口气，不够大气，老演员演技很好。诡事录⭐⭐⭐剧情上有些漏洞。

这些剧都有一个问题，唐刀的刀锷、护手不是剧中（图5）这个样子的吧，道具组从网上买的吧？B站上有考据党，他们说这种刀锷、护手是日本的，不是唐朝的。",4
30,#风起洛阳#高秉烛也太惨了到最后还是孤身一人,6
31,#风起洛阳#这么好看的剧咋这么多人骂烂尾呢。最近几年看完的国产剧只有周生如故，庆余年，风起洛阳。,4
32,聚力·焕新，耀视界。2022#微博视界大会#，以“微博之力”汇聚剧综先锋力量。风起洛阳时，梦回神都日。11月29日，与我一起，向光而行，焕新出发，共赴美好生活！一起聊聊#剧综作品中你最敬仰的人物角色#吧！#风起洛阳#,10
33,王一博彻底掉进河南话里了，和黄轩飙方言狂笑场，笑点开关在这？#王一博##黄轩##风起洛阳#新浪娱乐 威海 小王娱乐c的微博视频,6
34,"#风起洛阳#

刚看完这部剧，我真的喜欢黄轩的演艺他演的非常非常好！看他哭就想哭，看他痛苦的样子自己就跟他痛苦了，尤其是最后一场高秉烛这个角色真的太可怜啊🥺

#黄轩##黄轩超话##黄轩风起洛阳#",6
35,二郎和七娘互表心意后，主动抱抱啦，反正我是又甜又酸啦~#风起洛阳##宋轶##王一博# 魔法水果糖的微博视频,14
36,最近接触的古装剧像#风起洛阳#就很好，至于什么#卿卿日常#恋爱糖水剧的外表包裹着毒药，21世纪了能不能少宣扬入了土的糟粕思想。,4
37,"#风起洛阳# 演技在线 智商在线 服化道绝美
收藏",4
38,谁都知道我爱你#冬天开始重温的第一部剧##一起老剧新看#风起洛阳#风起洛阳# 我的月下烛火！#谁都知道我爱你# 我的何其有幸！武思月和何笑然都是最温暖正义的存在！,4
39,#风起洛阳# 武思月这对be了不喜欢悲伤结局，喜欢大团圆,2
40,#风起洛阳##王一博##宋轶#风起洛阳的大婚真的绝美！！！ 追剧的憨憨子的微博视频,14
41,"张俪

张俪｜风起洛阳｜窈娘
“骄傲的人连拭泪都是带着一股傲气”

歌排感谢：他的愿都实现了吗
#张俪##风起洛阳##没想到你是这样的张俪# kronosvency_的微博视频",9
42,洛阳和钧瓷一样#收藏##手工##冷兵器##风起洛阳#网页链接,1
43,#风起洛阳# 国产剧只要不侧重于爱情，cp就一定be是吧,4
44,洛阳最值得去的十大绝美景点，你都去对了吗 #冬日的光与影# #迷人打卡地# #365天摄影计划# #洛阳# #风起洛阳# 绿洲 旅行的石头老师的微博视频,1
45,"#青年演员王一博# 💚💚💚#王一博风起洛阳#
最近运气不咋滴，再来看看我们的百里弘毅大婚来沾沾喜气！这是我们王一博宝贝首部屏幕婚礼。大家吃好，喝好，玩好，不要太见外啊。恭贺百里家二郎与柳家七娘喜结连理！@UNIQ-王一博
#风起洛阳#

《风起洛阳》百里弘毅柳然大婚",12
46,"风起洛阳#王一博# wyb#风起洛阳# wyb#王一博百里弘毅#

百里府的二公子，长相出众，才华横溢@UNIQ-王一博",12
47,二郎给七娘画了像#王一博风起洛阳##风起洛阳# 杠精女神的微博视频,14
48,"阿里巴巴财报、腾讯财报、爱奇艺财报上的#王一博# 作品💰💰💰💰💰💰
#这就是街舞##冰雨火##有翡##风起洛阳##金鹰奖#
安之若素寒鸦声的视频牛不牛？看财报-论王一博资源转化率",8
49,"风起洛阳 梦回大唐
#九洲池##风起洛阳# 洛阳·九洲池遗址",1
50,#风起洛阳# 大婚真的好美 !,4
51,"王一博！破碎感啵啵✅

如果在十八 我没能送你花💚@UNIQ-王一博

#王一博# w#王一博百里弘毅# y#风起洛阳# b🤪 #青年演员王一博# 琪琪睡不着ww的微博视频",12
52,"“衣食住行皆文化，细枝末节皆是礼”
这是由王一博主演的《风起洛阳》中的一句评论，其中大婚那段让人记忆尤深。
#青年演员王一博##风起洛阳# 快来吹泡泡呀的微博视频",8
53,七娘不光光只是可爱，更是拥有成长和担当！#风起洛阳# 泡芙卷小可爱的微博视频,14
54,强扭的瓜这是越来越甜了啊~二郎和七娘这小手手，越牵越自然了。#王一博##宋轶##风起洛阳# 魔法水果糖的微博视频,14
55,"他狂放阴郁，她赤诚明朗，她是他的上弦月，他是她的相思烛。
啊啊啊啊啊好会写！！
（后面不太好看，21年的时候看的）
#风起洛阳#",4
56,别看百里二郎对七娘不闻不问，其实心里还是在乎的 #风起洛阳# 爱古风的小迷妹的微博视频,10
57,重温武思月@宋茜 #风起洛阳#,2
58,"这一段我不知道刷了多少次
把这种抵触不知所措体现得很到位
放开二郎让我来
@UNIQ-王一博

#王一博百里弘毅# ·
#风起洛阳#

无敌小鼠彪·养乐多的微博视频",8
59,"#风起洛阳#
奶凶奶凶的七娘#宋轶演的柳然是什么神仙老婆##王一博百里弘毅# 爱吃手擀面yyds的微博视频",14
60,"二郎连被子都抢不赢肯定不会去挖野菜
#风起洛阳##金牌混剪##电视剧推荐##微博放映厅# 莎莎剪辑酱的微博视频",10
61,头像约稿 大唐男模 头像#照片转插画#头像约稿#唐朝诡事录##长歌行##风起洛阳##王一博百里弘毅##吴磊阿诗勒隼##卢凌风##皓都#,4
62,"#22年一部剧##风起洛阳#
还不错，这种题材的剧应该再多点，再卷点

弃了几个电影
共助2 狩猎
冥界警局2 罪证子弹2",4
63,#风起洛阳#二郎，我叫你一声二郎你敢应么！！！,10
64,"王一博|

#风起洛阳# |
#王一博百里弘毅# |

小百里开机两周年快乐！
小百里就是可爱的糯米团子！
@UNIQ-王一博 王一博#王一博#",12
65,"王一博|

#风起洛阳# |
#王一博百里弘毅# |

小百里开机两周年快乐！
小百里就是可爱的糯米团子！
@UNIQ-王一博 王一博#王一博#",12
66,“我相信滴水能穿石”二郎这木石心是被七娘叫化的#风起洛阳##王一博##宋轶# 魔法水果糖的微博视频,14
67,"角色单人cut/ #色链分享#
⭕xl太严重了，不分享了，除非你要给小百里产频

百里弘毅 第二组色链✘18

只试过#风起洛阳# 和#追光者# ，小百里色链进度46/85，晚上还有18条，终于要结束了，三连带截图和色链名，缺一不发，晚上统一发，勿催

xz一切粉丝勿扰",4
68,风起洛阳真是又好看又好哭 意难平#风起洛阳#,4
69,像柳然这样有魄力又识大体的女子，二郎娶到了她真是有福气！有了她的庇护，可以不怕任何人了！ #影视剪辑##风起洛阳# 故事终曲的微博视频,10
70,#风起洛阳 #有妻如此 夫妇何求呀 七娘跟二郎甜甜甜 唯美主义0091的微博视频,14
71,王一博除了会耍帅，还能有别的表情嘛？？？宋茜和宋轶让我脸盲，可惜了黄轩和咏梅……#风起洛阳#,6
72,"#风起洛阳##河南疫情#风起洛阳
洛阳市新冠肺炎疫情防控指挥部：“为适应疫情防控新形势，贯彻落实《关于进一步优化新冠肺炎疫情防控措施 科学精准做好防控工作的通知》，我市已经对核酸检测进行了调整，明确规定：即日起，除进入各级机关、学校、事业单位及需摘卸口罩的公共服务场所需出示48小时核酸检测阴性证明外，进入其他公共场所和乘坐公共交通工具不再查验48小时核酸检测阴性证明。",4
73,上次让我这么意难平还是陈情令#风起洛阳# 里面的每一个角色都好有魅力,4
74,#风起洛阳# 百里弘毅挺好一男的，可惜长了嘴，还会说话,4
75,"黄轩打戏也太帅了吧#风起洛阳#
😭😭😭😭😭😭😭😭😭😭😭",6
76,我决定开始追王一博演的#风起洛阳#,12
77,先婚后爱的设定真的很好嗑！二郎也在慢慢沦陷#风起洛阳##金牌混剪##微博放映厅# 莎莎剪辑酱的微博视频,10
78,#风起洛阳#刚刷完，不错的剧 晚安😴💤,4
79,#风起洛阳#🈶️电子剧本哦！！,4
80,"#风起洛阳#
某演技真的是。。男主父亲被刺，男主全程面瘫，呵呵",4
81,#风起洛阳#好好好好好好好好好好看爱了 昆明·云南民族大学(雨花校区),4
82,成化十四年请君风起洛阳 真意难平#成化十四年##请君##风起洛阳##汪苏泷无关和风起洛阳有关# 最近看的电视剧就只有唐朝诡实录双男主和双女主在一起了#唐朝诡事录#,4
83,#风起洛阳# 七娘太可爱了 ，二郎你就从了吧 影视集聚地的微博视频,14
84,#风起洛阳##王一博##宋轶##宋茜# 古代大户人家的婚礼场景，果然讲究！ 睿匀的妈妈的微博视频,10
85,#风起洛阳# 很不错，一口气追完。整体就是一个案件。谁是掌局人，谁是局中人。对洛阳各种汤描述的很接地气，唯一不足结局略显仓促。武思月为什么要死呢？青夜是不是高秉烛的妹妹呢？武攸决这个归藏凤有点牵强吧。二郎和七娘 现实中真的会爱上杀父仇人家的姑娘吗？,4
86,依甄涧雪 宋茜那个头套导演看不出来奇怪吗#风起洛阳#,2
87,#你知道办公室带饭也有礼仪吗# 【#跟着王一博学唐朝礼仪# 办公室遇到同事该怎么行叉手礼？】#风起洛阳# @UNIQ-王一博 饰演的百里弘毅行的叉手礼你学会了吗？叉手礼是唐朝一种日常相见礼，在现代生活中该怎么做？快来试试看！顶端新闻的微博视频,8
88,"都说七娘恋爱脑 可是二郎值得啊！

#风起洛阳# #宋轶# #王一博# #影视剪辑# 网页链接",14
89,"父母之爱子则为之计深远
#风起洛阳##王一博##百里弘毅# 迷惑鉴定完毕的微博视频",8
90,"看完了风起洛阳 真的比唐朝诡事录 差多了#风起洛阳##唐朝诡事录#
里面很多剧情好无语 柳7娘的作用就是一个小白吗 啥都不会 跟傻白甜似的 里面让走 不我不走
主角永远都打不过反派
一博看到新的案情都是自己去 如果不是主角应该死了很多次了吧 又不会武功也不懂带多一点的人或者留下线索 要不是主角真的死了一百次了 每次都是别人在找他 里面破案感情线又多
对比唐朝诡事录真的很好看 感情线又比较少 打戏都很棒 女主不拖后腿 人家让跑真的赶紧跑 又打不过没有武功的",4
91,"#风起洛阳#
/二 郎 开 始 乱 了⋯/其实二郎挺会的⋯ 考古电影院的微博视频",10
92,七娘不光只是可爱，更是拥有成长和担当#风起洛阳##王一博##宋轶# 剪影剧的微博视频,14
93,"宋茜#我们的翻译官##风起洛阳#
芜湖
看到这把雨伞🌂回忆满满
离武思月还有22天
梦回风起洛阳",2
94,#风起洛阳# 农为天下本，粮乃人间根，仓廪丰足，天下太平。,4
95,"#风起洛阳##王一博#

恋爱还得看别人谈才甜！二郎开窍之后，看她不高兴就哄她，还送她情书！ 不可错过的舞台的微博视频",14
96,#风起洛阳##武思月死了# 前面我就在想编剧安排柳十郎这条线的意义是什么 所以就是让阿月最后一集死掉是吗 第一次看剧女主死了的大结局给我哽住了,4
97,#风起洛阳#大家看完什么感觉 我觉得看到一半很压抑虽然拍摄制作都特别好（尤其景好美） 但是最后强撑着看下来的,4
98,"#风起洛阳# 打卡✔
所谓盛世大唐",4
99,月华君为什么要死！！！！意难平哭了#风起洛阳#电视剧风起洛阳风起洛阳,4
100,#王一博风起洛阳##风起洛阳# 这部剧里的有王一博和黄轩。,12
101,omg #风起洛阳#,4
102,#风起洛阳# 七娘不光光只是可爱，更是拥有成长和担当！ 食年河东食年河西的微博视频,14
103,#风起洛阳# 致各位idol们，咱用配音不可耻。,4
104,#感谢黄轩张俪的本月最佳对手戏# 群众的眼睛是雪亮的。高秉烛 窈娘极致BE美学 演技太稳了，从前从没有觉得张俪演技这么好 #风起洛阳#,9
105,#感谢黄轩张俪的本月最佳对手戏# 群众的眼睛是雪亮的。高秉烛 窈娘极致BE美学 演技太稳了，从前从没有觉得张俪演技这么好 #风起洛阳#,9
106,"每天都是美好的，虽然是阴天，但心中不能没有阳光，早！
#洛阳##洛阳品味软装##洛阳装修##风起洛阳##洛阳身边事#洛阳 洛阳·品味软装工作室",1
107,"#风起洛阳#
对于高秉烛来说太痛苦了，太虐了，最信任真心相对的七年老友，是找了这么多年的仇人，玻璃碴里还是玻璃碴，但是窈娘也很可怜，即便她是可恨之人，阿爷抛弃，命运不能掌握在自己手里，沦为s人工具…… 考古电影院的微博视频",10
108,迷上古装悬案剧 风起洛阳好好看！#风起洛阳#,4
109,#风起洛阳# 这剧去年出得我居然不知道。四天炫完，除了后半场高秉烛和武思月的感情戏有点磨叽以及回忆凑时长外，真的算好剧接下来看杨旭文#卢凌风# 17版好评的#射雕英雄传2017# 哈哈哈哈,4
110,#风起洛阳##宋轶##王一博# 七娘也是妥妥的恋爱脑.眼里心里全是她的二郎 睿匀的妈妈的微博视频,14
111,"#风起洛阳#
强扭的瓜超甜！七娘：“世 人 都 说 二 郎 不 通 人 情 ，二 郎 的 好 只 有 我 能 看 到 ，他 真 的 很 好 ”我想说：“七娘的眼光真好！” 考古电影院的微博视频",10
112,#风起洛阳# 这里才是正片开始 同时意味着月下烛火be的预示 你的目标就是瘦呀的微博视频,10
113,"#风起洛阳#
看了风起洛阳，我觉得圣人也不是好东西。",3
114,看完风吹，洛阳想来#风起洛阳##洛阳美食##古城##随手拍##记录生活#,1
115,"问:
1.电视剧《风起洛阳》是改编自马伯庸的原创故事，那么《风起洛阳之神机少年》也是改编自马伯庸的原创故事吗？
2.动画《风起洛阳之神机少年》是改编自漫画《风起洛阳之腐草为萤》吗？
3.漫画《风起洛阳之腐草为萤》是改编自马伯庸的原创故事吗？
马伯庸@马伯庸 #马伯庸##风起洛阳之神机少年# @风起洛阳之神机少年动画 #风起洛阳# @风起洛阳官微",2
116,"#风起洛阳##王一博##宋轶# ）""王一博 与""宋轶 （百柳夫妇）终于同床睡觉了！强扭的瓜就是最甜的！ 硕硕的仙女的微博视频",14
117,"#风起洛阳##武思月#
衣橱更新~武思月同款~☘️
衣服试穿~谢谢小🉑爱 @Y ~ 💗 云深海亦蓝的微博视频",10
118,"#风起洛阳##武思月# 同款蓝襦裙get√
谢谢小姐姐的指点 @_尔冉_ 💗",10
119,#风起洛阳# 宋茜造型师咋回事 做的头套又大又厚又高 不太贴脸,2
120,剧荒的时候，又想看风起洛阳了，百里弘毅快节奏、高智商破案太带感了，还有百里的各种随手武器的物理攻击，太爽了，我喜欢@UNIQ-王一博 #风起洛阳#风起洛阳,8
121,"#北辙南辕##风起洛阳##二十不惑2#
最近补上了这几年没看的几部剧 还不错～
剧情还行～快点上新剧吧！！没得看了",4
122,"王一博 宝宝们，咱们能不能来点人，小红/书刷刷“剧荒话题”“国产剧”……之类的话题，给求推荐剧的人回复互动推荐我们一博的《冰雨火》《风起洛阳》……最近疫情很多人居家追剧剧荒想追剧，最近韩剧tv好像也看不了剧很多人转国产了，所以咱们多点人去小红书好吗？个别人的力量是有限的，需要多点的人来。
小红/书的大数据系统是你对剧荒有过互动，就会自动多推荐的，但也不会影响刷一博的。真的需要人。
看到的啵丝顶顶我，让更多人知道好吗？我们一博是演员粉，后面还有电影，需要路人粉需要路人对演技的认可，一定要帮他多推剧！大家别忘了这块香菜地，快来哦！

（给大家看看部分正向反馈，只要做了绝对有意想不到的收获，哪怕一点点，相信人多力量大，星星之火亦可以燎原。）
#王一博# | #冰雨火# | #风起洛阳# | #有翡#",4
123,"先婚后爱真香！

#风起洛阳##宋轶##王一博##影视剪辑# 摸鱼观影社的微博视频",14
124,#风起洛阳#结局女主死了我真的太不理解了 太不理解了！！！！！！！！！！！！！！！！！！！就离谱！就毫不相关！,4
125,#风起洛阳# 这段好绝 你的目标就是瘦呀的微博视频,10
126,大家都去看风起洛阳吧#风起洛阳##王一博##宋轶#,13
127,#风起洛阳#宋轶这恋爱脑演的可太有那味了,10
128,"本不喜欢宋茜，但是月华君真的太可了。实在太喜欢。尤其和高秉烛看着人间烟火的时候，那个画面太美了。
#风起洛阳# #宋茜#",2
129,"父母之爱子则为之计深远
#风起洛阳# #王一博# 小八娱的微博视频",8
130,當女內衛遇上神秘的女殺手#風起洛陽#月華君#宋茜❤ 小慧082090的微博视频,10
131,悬疑剧里的人物，有智商低的吗？《#唐朝诡事录#》里的苏无名和卢凌风，都是高智商的人，《#风起洛阳#》亦是如此，高秉烛和百里弘毅的智商高到让人惊叹，而且个个身怀绝技。这年头，没点智商，都不好意思断案了。,4
132,#风起洛阳##唐朝诡事录# 还有啥好看的电视剧吗,4
133,"百里这孩子啊，天资聪颖，但是就是欠缺了点什么

#风起洛阳##王一博##宋轶# 摸鱼观影社的微博视频",14
134,"#风起洛阳#
百里弘毅和柳然真是两个纯情的宝宝。
柳然是女子不知道秦楼楚馆情有可原，可二郎作为男子，竟然也不知道，真是好笑又好感呢。 如梦夜续的微博视频",10
135,"百里终是遇见了一个满心满眼都是他的女孩子啊

#风起洛阳##宋轶# 摸鱼观影社的微博视频",14
136,盛世繁华#风起洛阳#,4
137,"🥝🥝🥝高分悬疑剧
强推！
风起洛阳❤️黄轩宋茜
唐朝诡事录❤️鸡师公陈创
拆案2思敏小姐姐
爱了爱了
#唐朝诡事录##风起洛阳##拆案##国产高分悬疑剧#",4
138,#风起洛阳# 追剧日常。镜头画面美但节奏慢，借着对几位主角的粉丝滤镜才看完的。反转到后来大家都知道谁是反派了。。,4
139,"#风起洛阳#
救命，这个剧为什么黄轩的内心情感这么多，一件事反复回忆，我真的栓Q了",6
140,猪事皆宜#王一博##风起洛阳#收到小百里粘土人之后，我快乐地收编了官方的“屁股头”头壳给ob11戴，嘿嘿 我最喜欢的百里造型都拥有啦！,8
141,#风起洛阳# 卧槽柳十郎在这部剧存在的意义是什么？？？一颗老鼠屎到处祸害人,4
142,#风起洛阳##王一博##宋轶#“郎君怎知你心心念念的女子不是我” 追剧的憨憨子的微博视频,14
143,"女帝的气质拿捏的死死的，不怒自威!
#风起洛阳##给视频加buff# 二哥冷知识的微博视频",10
144,"女帝的气质拿捏的死死的，不怒自威!
#风起洛阳##给视频加buff# 二哥冷知识的微博视频",10
145,"风和日丽，早晨在默迹里喝了咖啡，下午在榭榭咖啡里喝白茶，仍是哈欠连连，拿什么拯救我的睡眠
把#风起洛阳# 刷完了，是部良心剧啊！推荐！每次看到黄轩哭就忍不住跟着哭…
这两天Faye幼儿园放学都跟我一起来看外婆，指了指外公生前的房间，原来她也想念阿祖了

日常 厦门·筼筜印象·默迹咖啡(白鹭洲店)",4
146,王一博这就是街舞5#风起洛阳#冰雨火#王一博热力豹表# 以前，很喜欢用（宝藏男孩）（一人千面）为王一博宣传，慢慢的发现很多人都用这两个词，为自己喜欢的艺人做宣传。突然就觉得这两个词不香了！我们一博就用那个小女孩的话来代表吧（王一博是全面发展的好男孩）,8
147,"“郎君怎知你心心念念的女子不是我”
#风起洛阳# 青姑i韩饭的微博视频",14
148,"好喜欢先婚后爱的设定啊，二郎这种高冷的人一旦开窍真的眼里只有你啊。

#风起洛阳##王一博##宋轶# 浅追一下啦的微博视频",14
149,"“郎君子怎知，你心心念念的女子不是我”

#风起洛阳##王一博##宋轶# 浅追一下啦的微博视频",14
150,"#风起洛阳# 有钱人的洛阳水席，懒洋洋应该会很喜欢，剧里还有滚热的羊肉汤，现切薄如蝉翼的鱼片，冰酪
此刻，我正被楼下的桂花熏着，长沙人就是那么没有情调，桂花糕都没看到有现做的#桂花糕#",4
151,#风起洛阳##河南疫情#风起洛阳,4
152,"王一博#冰雨火# wyb#风起洛阳# wyb#陪你到世界之巅# wyb#有翡# wyb#理想照耀中国#
绽放的青春，激荡拼搏的纯真，永远朝着梦想的方向前行，从不懈怠@UNIQ-王一博

王一博冰雨火陈宇#王一博有翡谢允",12
153,"烛哥终是口硬心软有情义
二郎从心伤失望到感动只需一句：上马
#风起洛阳##王一博##黄轩# 魔法水果糖的微博视频",14
154,"烛哥终是口硬心软有情义
二郎从心伤失望到感动只需一句：上马
#风起洛阳##王一博##黄轩# 魔法水果糖的微博视频",14
155,#风起洛阳##人世间##伪装者# 这三部好看吗,4
156,"王一博#这就是街舞##陪你到世界之巅##冰雨火##风起洛阳#
都知道你不喜欢喊累，不会诉苦，所以喜欢你的人会心疼你，但更多的是因此而感到欣慰和自豪，因为我们喜欢的你真的很优秀很特别

#王一博陈宇#王一博百里弘毅#王一博季向空",8
157,"王一博#冰雨火##风起洛阳##陪你到世界之巅##理想照耀中国# 有翡#
走过人间烟雨岁月山河，尝遍百味，会让你余生更加生动 明媚

丨陈宇｜百里弘毅丨谢允丨蒋先云｜季向空",8
158,"唐朝诡事录，挺好看的，灵魂摆渡的团队拍的，每个人物个性鲜明，故事节奏快，看到20多集至今没有讨厌的角色！甘棠驿那个案子是真的有意思，开着弹幕至今都还有人在想轻红哈哈哈哈唐朝诡事录什么时候可以出第二部！想看！（此处拉踩同期昆仑神宫！昆仑神宫第八集还行，其他的emm.....雪弥勒特效拍的什么玩意！初一和狼搏斗的镜头太无语但凡烘托哈环境呢，显得主角团三个人特别刻薄，胡八一和胖子是个性不是这样的！要不是顶着潘老师和鬼吹灯的名头我一定狠狠吐槽，但还是比云南虫谷好看的…此处省略云南虫谷800个字…）
（要是风起洛阳也像人家一样专注剧情好好拍，刻画人物形象通过镜头和情节细节，不瞎jb剪辑乱飞页，展现的剧情和角色就不会显得那么单薄了，导演编剧是真不行太可惜了！）#唐朝诡事录##昆仑神宫##风起洛阳#",4
159,"王一博这就是街舞王一博#长空之王# 王一博#冰雨火# 王一博#风起洛阳#王一博#理想照耀中国#
没有奇迹，只有你努力的轨迹
没有运气，只有你坚决的努力",12
160,王一博这就是街舞5冰雨火#风起洛阳# 两年了，从最初的谢允，到蓝湛，王天天，翟小爷，季向空，再到王队长，百里小郎君，陈宇，我的人生价值观与快乐心境，直线上升！这就是粉上王一博的福报,8
161,王一博#王一博舞蹈[超话]##王一博这就是街舞5##风起洛阳# 喜欢一博的各种舞台，喜欢一博的独有的清冷气质，羡慕一博的每一个超强才艺，痴迷于一博的每一个欢乐场面，但，更执着于一博的人生品味与人格魅力！,8
162,#风起洛阳# 武思月的结局我不同意！编剧！编剧！！高秉烛为什么不能和武思月白头偕老啊啊啊啊啊啊啊啊已经气死了柳十郎不愧是没读过诗书只会经商的人设,4
163,"王一博#王一博百里弘毅# ·#王一博风起洛阳#·#王一博#·#风起洛阳#
王一博主演的百里弘毅我好喜欢！

@UNIQ-王一博

王一博粉丝后援会的微博视频",12
164,#风起洛阳# 风起洛阳空镜✨,4
165,"#王一博说打戏能摸到梁朝伟的脸#
我满脑子想的都是这个
黄轩手再长一点就能破案了
#风起洛阳#",6
166,#风起洛阳# 看看能不能上广场 想问下大家 年初买的盲盒什么时候能发货啊第一次这种东西 会不会有某一款销量太少不赚钱 然后官方就不做了都可能,4
167,"🌕玉楼金阙慵归去，且插梅花醉洛阳
😍洛阳和大唐的适配度太高了
✨洛阳应天门的夜晚值得每一个汉服爱好者驻足～
🌟国庆期间和我的姐妹一起去了洛阳应天门，花了280元的讲解票钱上了阙楼～
🧡阙楼是真的很美很好出片～搭配上凤求凰诃子裙真的适配度百分百～
💓遇到很多很友好的妹子们夸奖造型～内心也是有点小快乐🥰
浅修了九张图，此处圈一下@邂逅隋唐 快来夸夸我呀

妆造：@沈珍珠奶茶
摄影：@花果山下美猴Wang

#洛阳##隋唐洛阳城应天门遗址##风起洛阳##汉服# 洛阳·隋唐洛阳城应天门遗址",1
168,“感同身受的窒息感。” #王一博 #冰雨火 #风起洛阳 文案视频cr：Demon#好剧推荐# 有翡 李洋洋洋洋liyang的微博视频,8
169,"虐起来了呀，救命！！！！！！！
#风起洛阳##王一博##宋轶# 发光的魅力女神的微博视频",14
170,"啊啊啊啊啊啊啊啊啊啊啊啊啊啊甜死我了！！！！！
#风起洛阳##王一博##宋轶# 发光的魅力女神的微博视频",14
171,"夜景真的绝了~
#风起洛阳##给视频加buff# 发光的魅力女神的微博视频",14
172,"王一博wyb#王一博风起洛阳# wyb#风起洛阳#

在无法预料的未来里，我们平平安安就好。王一博平安喜乐

@UNIQ-王一博",12
173,#风起洛阳##神都洛阳#风起洛阳 神都“洛”阳，加油！挺住！,1
174,#风起洛阳##神都洛阳#风起洛阳 神都“洛”阳，加油！挺住！,1
175,"#风起洛阳# wyb#王一博风起洛阳#

穿过大海绕过高山，你在哪里，终点就在哪里。@UNIQ-王一博",12
176,"风起洛阳空镜
#风起洛阳##王一博# 迷惑鉴定完毕的微博视频",8
177,"洛阳 | 梦巡十三朝古都

分享一组很喜欢的live瞬间
#洛阳##洛阳旅游##河南##风起洛阳#",1
178,"看了一晚上#唐朝诡事录# …将军的表演，差点儿火候呀喂，声音跟表情动作不在一个情绪程度上…
那个千娇百媚十一娘，是不是#风起洛阳# 里那个赌场女老板？",4
179,"#风起洛阳##黄轩#
高秉烛掌握了求白浪办事的秘诀...
白浪就是全剧第一的小可爱，不接受反驳 魔法水果糖的微博视频",6
180,"总要去趟洛阳吧📷
逛逛洛邑古城🏯
尝尝十字街的酒酿桂花小汤圆 🍧
欣赏一下龙门石窟的壮美 🎐
感受一下盛世大唐的风光✨
洛阳·龙门石窟景区 #风起洛阳#",4
181,"没有伞的孩子也要继续奔跑啊！cr：芷寒

#王一博##风起洛阳# 爬墙娱乐的微博视频",8
182,"宋轶

▹ 宋轶 ┆#风起洛阳# x 柳然",13
183,"#风起洛阳#
“加入联昉，需断七情绝六欲，不得婚配生子....""
这加入联昉怎么跟当和尚做太监似的，都要断子绝孙。严重怀疑公子楚是不是自宫了 #亿点曝光计划# 皮皮哈影视精选的微博视频",10
184,#风起洛阳# 宋轶说柳然是有智慧的恋爱脑。确实是这样的！她爱百里弘毅，她的世界里全是他，但是她还是会有一些女孩子的小心思去对付百里弘毅，完全就是沉浸在自己爱情里的小女生，在她心里她是二郎永远是对的 #亿点曝光计划# 皮皮哈影视精选的微博视频,10
185,"#风起洛阳# 黄轩 王一博|花絮
没想到高秉烛和百里弘毅在面对女 尸 时还有如此谦让的心理过程，都想让对方来 最后两人都找到了角色这样做的心理支撑，一个觉得是女的不好意思上手，一个觉得对方更专业所以让对方来。 #亿点曝光计划# 皮皮哈影视精选的微博视频",10
186,洛阳#风起洛阳# 一春一秋一境迁 洛阳·隋唐洛阳城应天门遗址 勒馬聼風的微博视频,1
187,"#风起洛阳# 预告
今晚就想康康柳七娘是咋有身孕的？嘿嘿嘿~ #亿点曝光计划# 皮皮哈影视精选的微博视频",10
188,"#风起洛阳# 花絮
哈哈哈哈哈哈哈哈哈哈哈哈哈哈哈哈哈哈哈哈哈哈哈哈哈原来拍的时候王一博也被小百里的那句“馎饦做的太咸了”逗笑了 #亿点曝光计划# 皮皮哈影视精选的微博视频",4
189,#风起洛阳# 妈耶！武思月叫高秉烛，高秉烛一回头，音乐都变甜了 导演好会哦！ #亿点曝光计划# 皮皮哈影视精选的微博视频,10
190,#风起洛阳# 看到武思月被箭射中，我想冲进屏幕对高秉烛和武大郎喊：你别回忆啦！你俩也别喊，别哭了！我脚得月华君还能抢救一下，快叫大夫啊！！！ #亿点曝光计划# 皮皮哈影视精选的微博视频,10
191,"补看了《#风起洛阳#》后几集✓
最后的大反转反派
竟然是二郎大哥百里宽仁
和思月大哥武攸决
这两个大哥真是执念太深了

大唐繁华 盛世神都
可惜的是从此神都再无武思月
高秉烛你就替她守护好这个神都吧

二郎和七娘 江湖再见啦

#近日追剧##好剧推荐#",4
192,"通关了一款真人探案游戏《神都不良探》，最后结局令人不解。据说此游戏是《风起洛阳》电视剧的衍生品，对这个故事背景感兴趣了，又去追了剧。

实际上演员、人物，其实对不上，游戏是根据电视剧改编的，借助了场景、故事背景。不过我玩的挺起劲，看的也挺起劲（电视剧 尚可）。

游戏决策部分有点少，纯玩、剧情偏多一点，感觉没几章就通关了，但是剧情设计让我期待会不会有持续更新。

类似游戏求推荐。

#神都不良探##风起洛阳#",4
193,"#风起洛阳##黄轩##王一博##宋茜##宋轶#
百里弘毅与武思月为高秉烛打掩护，连番阻碍柳襄离席，柳襄：我想回个家可太难了 魔法水果糖的微博视频",6
194,"#风起洛阳##王一博##黄轩#
神都小分队只集结了高秉烛和百里弘毅，这两个男人的办案风格是...
高秉烛百里弘毅绑手查案 魔法水果糖的微博视频",6
195,"“这是我夫君，百里二郎”
#王一博##宋轶##风起洛阳# 笑霸笑不停的微博视频",14
196,"一声声的二郎，怎么能让人不动心呢
#王一博##宋轶##风起洛阳# 笑霸笑不停的微博视频",14
197,"虐起来了呀，救命！！！！！！！
#风起洛阳##王一博##宋轶# 笑霸笑不停的微博视频",14
198,"宋轶┆柳然┆#风起洛阳#

🦋ྀི美梦皆有迹寻 夏日必有回音",10
199,#风起洛阳#风起洛阳好好看！还有大家记得去看洛阳的明堂和天堂,4
200,"宋轶┆柳然┆#风起洛阳#

向海风许愿，在山海相见",10
201,#盛世美颜##风起洛阳#既做头牌，有何能耐！这才是花魁艳而不俗的模样吧！ 爱追剧的小胡的微博视频,10
202,"小剧评📺
#风起洛阳#
#黄轩# & #宋茜#
悬疑 破案

讲述了
男主不良人 搭档 女主内卫
和工部尚书家的二郎 一起破案的故事

制作精良 背景道具感觉花了大手笔
前期 高开高走 一集接一集 根本停不下来
各种猜boss
但后半部分 有些低走
特别是结局 太突然了

喜欢宋轶饰演的七娘
演得活灵活现 敢爱
终于“感化” 铁石头 二郎
虽然结局有些猝不及防
但整体还是很推荐

PS：同系列的#风起陇西#也很不错！",4
203,洛阳#风起洛阳# 孟津宜苏山，据《山海经》记载：古称华胥古都，神农植五谷于此。 洛阳·炎帝故里宜苏山 勒馬聼風的微博视频,1
204,洛阳#风起洛阳# 孟津宜苏山，据《山海经》记载：古称华胥古都，神农植五谷于此。 洛阳·炎帝故里宜苏山 勒馬聼風的微博视频,1
205,#风起洛阳##凡人修仙传# 因为不怎么关注国产剧，最近国漫也没怎么看（少锦和眷思量依然是心中白月光），所以刷到前者涉嫌抄袭后者的武打戏我才开始关注到。此外也因为刚在看著作权法，但是我怎么也想不通武打动作它到底是属于著作权保护的哪一项内容。及如果真的构成侵权，是侵犯了著作权哪一项内容。,4
206,很忙，但没忘记爱你#王一博 #王一博成为洛阳文旅形象大使 #风起洛阳 #王一博百里弘毅 #少年感 追豆小王的微博视频,12
207,#风起洛阳##带着微博去旅行##洛阳老汤# 醉酒后唯有一碗牛肉汤可以治愈风起洛阳,1
208,王一博主演的风起洛阳，看看唐朝房价有多高？#广州买房 #广州#唐朝##风起洛阳##王一博##大湾区买楼团##视频制作人出道计划# 小小吃霸小肥娜的微博视频,8
209,"风云独揽#向日葵##风起洛阳#
向日葵🌻一直都是爱情的象征，向阳而生。
先生 一别数年 别来无恙
先生还是老样子
我知晓先生是个念旧的人
我亦是如此
先生 我心悦你 始终如一 予娴·慕辰的微博视频",10
210,王一博#长空之王啥时候播出# 我又开始刷#风起洛阳#了都,8
211,#王一博##风起洛阳#“拜求诸位先祖，庇佑我儿”共情了 王一啵王炸Boom的微博视频,8
212,"王一博#王一博##风起洛阳#
贞宁十二年，隆冬。于京郊南海子遇邓瑛。是日大雪，满地清白。 白澜君-的微博视频",8
213,"#小狗的观影集#
芜湖 2022年了！我还在磕百里弘毅和七娘！！王一博和宋轶真的好甜好配啊！

风起洛阳真的布景好看，剧情好看！！风起洛阳yyds！！都给我去看！

#影视##风起洛阳# 追剧小狗的微博视频",14
214,祝贺@UNIQ-王一博 和@黄轩 主演的#风起洛阳#入围2021#十大年度国家IP评选#影视赛道，《风起洛阳》讲述盛世之下危机暗涌，神都小分队力排万难守正道、循本心的故事，@UNIQ-王一博 出演的百里弘毅潇洒聪慧，善良果敢。,6
215,破万#小红书##风起洛阳# 郑州·金水区,4
216,还记得#风起洛阳#超神的二十分钟对手戏里的窈娘@张俪 吗？来看看姐姐路透和机场最新动态，身材好好啊，气质也是满分飒爽，希望能有更多好的作品呀 #张俪#,9
217,"洛阳风云起
#婚礼##中式婚礼##庭院婚礼##风起洛阳# 婚礼设计师·乔昕的微博视频",10
218,洛阳#风起洛阳##寻找百年古村# 平乐镇鹞店建于六朝，是洛阳出入黄河门户，历来为驻兵防寇重地。 洛阳·耀店 勒馬聼風的微博视频,1
219,"风起洛阳 好看 大制作
一生得一知己已是幸运
若是不止一个该是多么大的幸事
家国 友情 信任 默契 刚正 坚定 智慧
#风起洛阳#",4
220,发布了头条文章：《拼搭森宝积木画舫，欣赏洛水美景，感受大唐盛世》 #国产积木# #风起洛阳# 积木 拼搭森宝积木画舫，欣赏洛水美景，感受大唐盛世,4
221,洛阳#风起洛阳##寻找百年古村# 孟津送庄镇凤凰台村今称凤台，是洛阳最古老最神秘的村子之一，村南侧的高台古称凤凰台相传是周代遗址，有石碑记载古时曾有凤凰在这里栖息。 洛阳·凤凰台村 勒馬聼風的微博视频,1
222,#冰雨火#我说怎么这么眼熟#风起洛阳#,8
223,#电视剧大赏# 飞来横舅，两个人一同敷衍七娘，七娘难道就从没喝过自己的汤吗#风起洛阳# 网页链接,4
224,#电视剧大赏# 飞来横舅，两个人一同敷衍七娘，七娘难道就从没喝过自己的汤吗#风起洛阳# 网页链接,4
225,"天生万物，各得其法。
功名仕途，不是唯一。
—— 《风起洛阳》
#风起洛阳##王一博风起洛阳##王一博风起洛阳# 极弦乐团的微博视频",8
226,"洛阳#风起洛阳#骑行
洛阳吹别风，龙门起断烟。
李贺 《洛阳城外别皇甫湜》 洛阳·龙门山森林公园",1
227,宋轶柳然#风起洛阳# @宋轶songyi,13
228,"谁说王一博演技不好的？cr:见水印
#王一博# #风起洛阳# 糖果娱的微博视频",8
229,"不愧是宋轶！再一次抢了女主风头！
日前，由王一博、宋茜、黄轩主演的古装悬疑电视剧《风起洛阳》在爱奇艺上线。
拿着女二戏份的宋轶，却在吸睛程度、话题度上完美赶超了女一宋茜。
.
所以，今天就来聊聊，宋轶为啥可以把女配演成女主？
.
1妩媚又单纯的一张脸
宋轶的眼睛特别有灵气，眼距较远显得单纯。
但眼睛头尾都带尖儿，眼型上挑，加上自然的窄双眼皮，精致且具有妩媚的气场，撩人于无形。
鼻子不高，显得温顺又没有攻击性，但鼻尖又增加了一份少女的娇俏。
开阔的额头和圆润幼态的下巴，又中和了眼神的媚，多了一丝亲切朴实感。
总结起来就是“天生媚骨，偏偏长相清纯，我见犹怜”。
所以这样的一张脸来饰演娇俏、清纯的柳然，导演也太有眼光了！
.
2好绝一唐装美人
不得不说，宋轶在这部剧中的古装扮相太美了。
她皮肤白得发光，身材又高挑纤细，这种小骨架的“小鸟身材”让她在各种旗袍造型之间游刃有余。
所以连上身束胸下身蓬松的唐装，都遮掩不住她小巧玲珑的曲线。
.
和王一博的新婚之夜，她手持团扇，蓝色烫金喜服搭配眉心花钿造型，举手投足间尽显大家闺秀气质，温婉典雅。
.
3加分的完美人设
宋轶在剧中饰演的柳然，让网友直呼“这是什么神仙老婆”。
她作为神都名门望族的女儿，既有大家闺秀的知书达理，又有普通小女孩的娇憨和纯真。
一心一意支持夫君百里弘毅查案，努力维护叔父和自己夫君之间的关系。
还把家里打理得井井有条，为他洗手做羹汤，即使夫君家里遭遇变故也不离不弃。
这样出圈的角色，加上宋轶把柳然的“娇憨纯真”“温柔贤惠”演活了，自然成为了剧中的一大亮点。
.
你喜欢宋轶饰演的柳然吗？来评论区聊聊吧~
#风起洛阳 #宋轶 #王一博 #古装悬疑剧 #古装 #表白宋茜 #王一博风起洛阳
娱乐薯",10
230,#娱乐剪辑##风起洛阳 #吃瓜 啊？刚开播就出事 女帝电影的微博视频,11
231,#娱乐剪辑##风起洛阳 #吃瓜 啊？刚开播就出事 女帝电影的微博视频,11
232,"救命啊，到底是谁给宋茜做的这个头套！
《风起洛阳》开播，最先出圈的是宋茜的头套。
就想问问，在一部看着就很贵的剧里，女主角怎么会有这么敷衍又难看的头套啊！
今天，就和大家细细聊聊“发际线”的那些事儿。
.
1“秃“如其来的痛
数据显示：我国脱发人群超2.5亿，平均6个人中就有1位出现脱发的情况。
发际线就像五官的相框，对于一个人颜值的整体观感有着极大的影响。
过高容易显老，类似于秃顶，过低的话会使脸部轮廓下沉，眉眼局促。
.
发际线的高度与整个面部之间的关系应符合“三庭”的比例：即发际线最高点、眉毛水平线、鼻底与下巴底端这四条水平线将面部纵长划分为三等份。
从形状上来讲，发际线以圆润自然为美，同时，按东方传统审美发际线要起伏有度，形成一个自然的“M形”——即“美人尖”才是最具美感的发际线。
优越的发际线可遇不可求，咱们普通人应该在哪些地方下功夫，来提升发际线与整张脸的美感呢？
.
2别怕，“秃”星人还是有救的！
宋茜这些年来的妆造，就为各位高发际线星人提供了不少变美思路。
细数她一路以来的造型，女团时期多为厚重的刘海，回国发展后变为轻薄空气刘海，以及最近的偏分斜刘海，都很好地弱化了发际线的存在感。
想让头发长出来或许很难，但可以找东西把额头盖上啊！各式各样的帽子、发带、发圈戴起来~
如果还是无法通过妆造手段来改善的发际线问题，那么可以考虑植发。
.
这个时代有太多我们无力治愈的东西，“脱发”已经是最轻的一种症状，我们用它调侃、用它自嘲。
“90后已经开始脱发了”成为热门话题，其实大可不必将其当作某种焦虑，而是这一代人独有的情感共鸣。
.
你打算和发际线和解了吗，在评论区和聊聊呗~
#风起洛阳 #表白宋茜 #发际线 #拯救发际线 #古装 #古装悬疑剧
娱乐薯",4
233,#娱乐剪辑##风起洛阳 #吃瓜 啊？刚开播就出事 女帝电影的微博视频,11
234,#娱乐剪辑##风起洛阳 #吃瓜 啊？刚开播就出事 女帝电影的微博视频,11
235,洛阳【洛阳故事 金水古道】西出洛阳，跨过金水河，沿着金水古道经新安县的汉函谷关西达长安，由此踏上古老的丝绸之路。金水古道就从今天的纸坊老村穿过，至今仍留有青牛庙、三官庙和地坑窑院等古老遗址。#风起洛阳#,1
236,#冰雨火# 又一次烧脑烧到恍惚觉得周围都是坏人的程度，上一次还是#风起洛阳# 时，王一博作为新生代演员，竟然和老戏骨们一起飙演技而不拉垮，着实难得，演员会演，导演会拍，编剧会编，让我对接下来的剧情充满惶恐期待，六集了，我的怀疑对象已经换过一轮了还毫无头绪,4
237,#娱乐剪辑##风起洛阳 #吃瓜 啊？刚开播就出事 女帝电影的微博视频,11
238,"#风起洛阳# 我的评分：
拍摄手法，选景布设都完美！尤其王一博的小百里，太太太绝了，贴合角色，装扮符合朝代风格。演绎完美！大爱小百里。",8
239,"#冰雨火片尾信息量好大#
上一次这么烧脑的时候还是在#风起洛阳#
这次好了，连着看三部剧，两部剧要我脑子，《黑话律师》谁是硕鼠啊？《冰雨火》谁是boss啊？
我脑子好累哦

反正，冰雨火来说，我先怀疑刘队；
反正，上次我的怀疑也没有对过

首先，南城车站，姜磊和他的对话，就有点怪，吴振峰听出来了的。

其次，10万块，姜磊说去赚钱买摩托，什么钱能赚的那么快？刘队没有怀疑，后来还主动让姜磊别告诉他妈妈。

第三，警方去抓李正强，姜磊比东哥都快接到电话通报，说警方往这个方向来了。

多说不说，看剧练脑子真的挺不错哈～

最后，反正陈宇@小宇852058 是好的",8
240,#娱乐剪辑##风起洛阳 #吃瓜 啊？刚开播就出事 女帝电影的微博视频,11
241,#风起洛阳# 啊啊啊为什么阿月会死！！为什么！！她可是女主啊！！不应该有女主光环吗！！为什么要死我的阿月，上一秒还说一袭红衣好好看，下一秒就死了？？为什么,4
242,聚力·焕新！耀视界！#微光荣耀入围作品#2022#微博视界大会#微光荣耀五大类别推荐重磅开启，我推荐风起洛阳，助风起洛阳赢取微光盛典“观众喜爱”荣耀！ #王一博风起洛阳##风起洛阳# 百里弘毅脑力担当@UNIQ-王一博 微博视界大会微光荣耀角色推荐,10
243,#娱乐剪辑##风起洛阳 #吃瓜 啊？刚开播就出事 女帝电影的微博视频,11
244,看完《暗夜行者》再看《风起洛阳》是真的人会裂开的！去，苏青竹在暗夜里面有多机敏，柳七娘在风起里就有多傻白甜，真给我气吐了，啊啊啊，还有一声一声的二郎我真的救命啊。就好像脑子里除了二郎二郎就没有别的思维了，恋爱脑真可怕但有一说一，角色不上升演员，宋姐是真的好美，真的美死我了！#风起洛阳#,10
245,"近日，由探案笔记制作发行，爱奇艺热播古装剧#风起洛阳# 同名剧本游戏即将上线。

古装剧《风起洛阳》改编自马伯庸所著的小说《洛阳》，于2021年12月1日在爱奇艺全网独播。讲述了在时值盛世的神都洛阳，出身不同阶层的高秉烛、百里弘毅、武思月因为共同的目标而结盟，调查洛阳各种悬案，最终粉碎春秋道的阴谋，守护神都太平的故事。（来源：探案笔记官微）#风起洛阳同名剧本杀#",4
246,"发布了头条文章：《国产推理剧《民国大侦探》官宣；电视剧《风起洛阳》同名剧本杀上线》

#剧本杀行业资讯# 本周剧本杀市场上都发生了些什么事？今天，就带大家看一下近期的剧本杀行业资讯。#大侦探# #风起洛阳# #正版剧本杀# 国产推理剧《民国大侦探》官宣；电视剧《风起洛阳》同名剧本杀上线",4
247,"#风起洛阳#
风不语 雨却懂
岁月不堪数
古人不如初 洛阳·洛邑古城景区",4
248,当官不为民做主，不如回家卖红薯#洛阳市政府##洛阳身边事##风起洛阳#,1
249,"#风起洛阳同名剧本游戏##风起洛阳# 风起云涌，重聚洛阳！由@探案笔记 制作发行爱奇艺热播古装剧《风起洛阳》同名剧本游戏即将上线！
圣历元年三月，暮色为止，坊外宵禁敲响，城门闭锁！在此天街所有行人都必须在此落脚休憩。其中鱼龙混杂，各方势力汇聚于此。
万事，只待天明！@风起洛阳官微电视剧风起洛阳",4
250,"#第31届中国电视金鹰奖#投票现已开启，为历史古装剧《#风起洛阳#》投出一票吧~！
投票网址：网页链接
改编自马伯庸小说《洛阳》的《风起洛阳》是由谢泽执导，青枚、武聪担任编剧，#黄轩#、#王一博#、#宋茜#等主演。该剧讲述了武周时期发生在神都洛阳的悬疑故事。混迹于洛阳底层的不良井人高秉烛为了复仇卷入悬疑案件，恰逢百里弘毅追查父亲被毒杀真相。世家出身的内卫武思月为了调查任务也在有意接近高秉烛。随着案件真相的不断揭露，一个关乎洛阳存亡的惊天秘密即将浮出水面。金鹰奖黄轩王一博宋茜 中国文艺网的微博视频",1
251,"王一博#风起洛阳##王一博百里弘毅#

I love all the stars in the sky，but they are nothing compared to the ones in your eyes. 我喜欢漫天的星空，可是比起你的眼睛中的那两颗，其他的星星边暗淡无光了。

@UNIQ-王一博",12
252,"#风起洛阳##王一博风起洛阳#
看了《风起洛阳》第1集，忍不住感叹这部剧的服道化真是绝了每一帧都好美～很难不爱这样有质感的大制作。
一博的古装妆造和仪态也好棒，看了第一集虽然一博的戏份不多，但好喜欢小百里这个角色，台词原声听着很适配很舒适啊～～～
追剧",8
253,"角色单人cut#色链分享##风起洛阳#
色链·繁华梦
格式：cube
是教程的那种！不是单纯下载！
有效期3天，zzp三选二发链
专门给《风起洛阳》调的，曝光可适当降低，色彩很浓重
过期则用💰贝勾
原图感谢不修神仙超话",4
254,"#风起洛阳# wyb#王一博百里弘毅#
聚力·焕新！耀视界！2022#微博视界大会#来袭，#微光荣耀入围作品#我推荐风起洛阳，和风起洛阳共同点亮荣耀时刻！ 微博视界大会微光荣耀角色推荐",10
255,"#风起洛阳#
对于这部剧的期待来自于@UNIQ-王一博 没想到把我惊艳住了，台词功底进不了不少，表演也更加自然；其次来自于故事线没想到与长安十二时辰来自同一个作者马伯庸先生。首先对于人物设定非常有意思首先是武思月@宋茜 与武则天有亲密的血缘关系但却秉公执法是好官的代表并且也是三人组里唯一没有功利去查案，她一切的付出全部是为了神都百姓的安康！看到最后我不禁泪目不光是对于她和高秉烛的惋惜更是对那些对国家安全而牺牲的人们深深的感叹！其次是百里弘毅@UNIQ-王一博 加入进来最直白的目的就是查父亲的死从最开始高高在上的公子一步一步开始去了解社会底层人民的生活，他就代表着贵族也表明神都的安宁不会靠贵族，老百姓也是很重要的！最后是高秉烛@黄轩的微博 一个从小在不良井长大的人也从小亲眼目睹了社会底层的黑暗但却依旧保留着满满的正义感很难得的！这个人太过于复杂可分析的点有很多在这里就长话短说了！三人组代表着三方势力如果相互帮助一起努力才有可能使神都安定@宋轶songyi 七娘前面好心疼后面的糖好甜@张俪 你是我这部剧最大的惊喜窈娘原来是坏的太可怕了@风起洛阳官微",6
256,"#风起洛阳# 我的评分：
《风起洛阳》里王一博演的百里弘毅
清冷高贵纯澈的百里公子世无双",8
257,"#风起洛阳# 我的评分：
小百里从叛逆辞官反抗家族联姻到肩挑重担查明真相，逐渐成长为敢想敢干有责任重承诺的弘毅小郎君！王一博演的入戏，我看的也入戏！",8
258,"#风起洛阳# 我的评分：
#风起洛阳# Wyb #王一博风起洛阳#
神都洛阳，翩翩少年郎。
木石之心，情却比人坚。
为父为民，查案从不退。
百里弘毅，盛唐好儿郎。
@UNIQ-王一博",8
259,"宋轶×柳然 丨风起洛阳

#风起洛阳#",13
260,"●○ 空镜 × 风起洛阳

#风起洛阳#",4
261,"#风起洛阳# 我的评分：
🌟亮点推荐：剧情紧凑情节曲折离奇，舍不得快进，百里弘毅太聪明啦！",4
262,"#风起洛阳# 我的评分：
🌟亮点推荐：天生万物，各得其法。功名仕途，不是唯一，王一博的百里弘毅太好了！",8
263,#风起洛阳# 今晚20:00，@爱奇艺 非会员收官大结局！还未修满「神都传奇终章」的居民记得不要迟到啦~评论有惊喜↓↓↓ 抽奖详情,5
264,#你的作品就是看点##风起洛阳#获得2021#新浪看点#年度口碑剧集奖。感谢神都诸人共谱传奇，感谢风起时的每一份支持与喜爱！2021新浪看点年度创作者,10
265,#微博之夜# 来#微博年度剧集# 推荐#风起洛阳# 。重重迷局，探神都共书破疑传奇；泱泱气魄，入洛阳同赏盛世风采。 微博年度剧集,10
266,"#风起洛阳# 启航神州，跨海吹拂🗺️ 海外打卡地更新！
📍马来西亚吉隆坡
📍泰国曼谷 风起洛阳官微的微博视频",10
267,这一段好虐啊！#风起洛阳# 璗姝驪斐的微博视频,10
268,"#风起洛阳微景戏雪元旦祝福# #风起洛阳#
天霁戏新雪，景明迎好风。元旦快乐#华夏古城宇宙#",5
269,#蒋龙变身浪里小白龙# 白浪的风起洛阳之旅告一段落请继续期待一年一度喜剧大赛和三生有幸遇上你吧#idoltube# 蒋龙_Sunday的微博视频,10
270,#这波年货甚好# 辞旧迎新，从1到2#爱奇艺新年贺岁片单# 之#风起洛阳# 前来报到，请领取专属于你的新年好彩头「风生水起」！,4
271,#这波年货甚好# 辞旧迎新，从1到2#爱奇艺新年贺岁片单# 之#风起洛阳# 前来报到，请领取专属于你的新年好彩头「风生水起」！,4
272,#风起洛阳大结局大风预警# 神都大风欲来，阿月正全力前去救援，温馨提示大家安全第一。今晚8点#风起洛阳# 大结局一探究竟。 宋茜的微博视频,5
273,#风起洛阳大反派果然是奉御郎# 震惊下官！！！！最终的大BOSS居然是武攸决，手握大权，已得民心，归藏凤出天下倾，洛阳城难道要易主？#风起洛阳# 《风起洛阳》武攸决身份揭晓,6
274,#百里弘毅探监百里宽仁# 百里大郎二度获罪，这一次谁也救不了他了。百里弘毅看着兄长癫狂的样子，痛心无奈，谁能懂二郎心里的苦？#风起洛阳# 《风起洛阳》百里弘毅探监百里宽仁,7
275,#高秉烛百里弘毅隐藏式对话# #没有百里弘毅解不开的迷# 神都小分队的完美默契配合让神都免除一场浩劫。高秉烛和百里弘毅的加密对话+1#风起洛阳# 《风起洛阳》高秉烛百里弘毅隐藏式对话,6
276,"#风起洛阳# #风起洛阳大结局# 武攸决吐露惊天秘密，身体病重竟是因为自己给自己下毒！武思月与柳然同车而归，途中郑重转交的物件究竟是什么？百里弘毅于酒肆向高秉烛告别，二郎真的要离开神都了吗？疑问重重，今晚20：00@爱奇艺 揭晓答案！#华夏古城宇宙#
风起洛阳 第38集预告",5
277,#高秉烛继续守护神都# #百里弘毅辞官选择离开神都# 风波过后，神都小分队只剩两人，高秉烛将留在神都继续守护城中百姓，百里弘毅则辞官即将远游，二人并肩立于桥上，在一片长街繁华中道别。#风起洛阳# 《风起洛阳》高秉烛百里弘毅南市告别,6
278,#柳然好刚# 柳然亲自出来买米却被百姓指责，还好思月及时赶来解救，直面围堵百姓你一言我一语的责怪，七娘没有退缩，坚定地维护二郎！#风起洛阳# 《风起洛阳》武思月帮柳然解围,4
279,"#风起洛阳# #风起洛阳大结局# 一切落幕，烟火长夜中，看不尽这一场神都繁华，离人在天涯，天涯若比邻，今晚20：00@爱奇艺 《风起洛阳》迎来大结局！#华夏古城宇宙#
风起洛阳 第39集预告",5
280,#高秉烛武思月不良井甜蜜相拥# 神都公务员的约会地点已升级，从棺材铺见面到坟头相会，现在发展到不良井，下官已经很满意了！故地重游，回忆初遇，甜蜜相拥～#风起洛阳# 《风起洛阳》高秉烛武思月回忆两人在不良井初遇情景,6
281,#武思月拔剑指向武攸决# 奉御郎，不要再逼思月了，你醒醒，她是你最疼爱的妹妹啊！#风起洛阳大反派果然是奉御郎# #风起洛阳# 《风起洛阳》武思月陷入自责,6
282,#武思月缉拿武攸决# 收网时刻，月华君带内卫包围春秋道归藏凤，同时也是制服了亲哥哥武攸决。下官被武思月的格局狠狠震慑了~#风起洛阳# 《风起洛阳》武思月缉拿大boss武攸决,6
283,武思月苦口婆心地劝说兄长，提出分担罪责，此时却从角落飞来一支暗箭，#武思月替武攸决挡箭# 思月不顾自身安危替兄长挡下了这一箭，神都不能没有月华君啊。#风起洛阳# 《风起洛阳》武思月死了,6
284,#高秉烛武攸决对峙看燃了# 高秉烛步步紧逼揭露武攸决的真面目，原来高执戟早留了后路，将计就计，引蛇出洞。给高秉烛的机智点个赞！#风起洛阳# 《风起洛阳》高秉烛揭露武攸决阴谋,6
285,#原来李北七也有苦衷# 原来李北七背叛的真相是这样，思月得知真相后伤心不已。奉御郎，你怎么可以如此利用阿月？#风起洛阳大反派果然是奉御郎# #风起洛阳# 《风起洛阳》李北七背叛武思月始末,4
286,神都子民准备好，#圣人南市开仓放粮# 请大家有序排队领取。下官已经拿好圣人爱的号码牌了！#风起洛阳# 《风起洛阳》圣人南市开仓放粮,3
287,"#风起洛阳# #黄轩王一博演绎方言版洛阳# 高秉烛@黄轩的微博 、百里弘毅@UNIQ-王一博 片场上演方言版《风起洛阳》，看得出有在努力尝试用散装河南话说台词了神都居民们来看看中不中呀？#华夏古城宇宙#
《风起洛阳》花絮：黄轩王一博演绎方言版洛阳 王一博：中~！",12
288,神都子民准备好，#圣人南市开仓放粮# 请大家有序排队领取。下官已经拿好圣人爱的号码牌了！#风起洛阳# 《风起洛阳》圣人南市开仓放粮,3
289,"#风起洛阳# #黄轩王一博演绎方言版洛阳# 高秉烛@黄轩的微博 、百里弘毅@UNIQ-王一博 片场上演方言版《风起洛阳》，看得出有在努力尝试用散装河南话说台词了神都居民们来看看中不中呀？#华夏古城宇宙#
《风起洛阳》花絮：黄轩王一博演绎方言版洛阳 王一博：中~！",12
290,"#风起洛阳加更# #风起洛阳#
神都这场环环相扣的棋局，最终胜负究竟如何？
本周三晚八点@爱奇艺 自见分晓。#华夏古城宇宙#",5
291,"#风起洛阳洛阳特辑# #风起洛阳加更#
一座城成全一部剧，一部剧奔赴一座城。
穿越神都这场长风，去感受洛阳这座千年古都，感受它的伟大、活力与浪漫，感受它所承载的华夏灿烂文明。#风起洛阳#
《风起洛阳》洛阳特辑",1
292,#风起洛阳# 【神都侧影】一路行来，抽丝剥茧，云雾散去，真相将至。#华夏古城宇宙#,5
293,"#风起洛阳# #黄轩情绪递进式台词# 高秉烛采用攻心战术审问联昉内奸，绕口台词通通被@黄轩的微博 拿捏，平静审判、爆发质问、共情落泪等多种情绪配合台词层层递进，内奸在高使的步步紧逼之下当然只得说出实情啦！#华夏古城宇宙#
《风起洛阳》花絮：台词工具人，黄轩：我太难了",6
294,"#风起洛阳# #王一博片场有效输出# 百里弘毅查案时不放过任何线索细节，戏外@UNIQ-王一博 在片场也发挥了二郎的洞察技能持续有效输出，对片场的种种逻辑细节提出自己的想法和导演进行讨论~#华夏古城宇宙#
《风起洛阳》花絮：王一博作为百里弘毅的那些有效输出",12
295,"#风起洛阳加更# #风起洛阳#
终局启，一子错则满盘皆输。
12月29日VIP会员加更1集，3集直通大结局。#华夏古城宇宙#",5
296,"#风起洛阳# #宋茜武思月反差萌时刻# 飞身追逐，拔刀追凶，剧中武思月气场强大，重伤苏醒也仍旧不减帅气，谁知飒气满满的阿月背后藏着一个古灵精怪的@宋茜 ，和拍摄现场的工作人员互动可爱值已拉满~#华夏古城宇宙#
《风起洛阳》花絮：女侠武思月与宋茜小可爱",2
297,#百里弘毅内心成长线# 失踪多年的哥哥突然成为最大反派，百里弘毅挣扎于亲情于大义之间#柳然宽慰百里弘毅# ，还好有七娘在身边#风起洛阳# 风起洛阳：百里弘毅逐渐成长,7
298,"#风起洛阳# #王一博灭伏火雷霆战斗力# 虽然自称“手不能提，肩不能扛”，但灭伏火雷霆时百里弘毅@UNIQ-王一博 的战斗力属实是，书肆打斗和碎石地挣扎花絮送上~#华夏古城宇宙#
风起洛阳：王一博为灭伏火雷霆，战斗力飞升爆表",5
299,#风起洛阳# 【案件进展卷宗】第四周案情记录来啦~伏火雷霆终究被引燃，但含嘉仓被炸毁引发的混乱似乎即将平息，若这一切仍在谋算中，那么这场会使神都陷入动荡的阴谋到底是什么？谁才是真正的幕后主使？下周三晚八点@爱奇艺 揭晓答案！#华夏古城宇宙#,5
300,#风起洛阳# 【神都侧影】峰回路转，风波暂定否？#华夏古城宇宙#,5
301,#百里弘毅大义为先# 百里弘毅进宫面圣，坦白兄长假死真相，被圣人问及“你不怕死？”百里弘毅坦白“怕”“但我别无选择” … #风起洛阳# 风起洛阳：百里弘毅大义为先,7
302,#高秉烛没有让遗憾重演# #青夜想要回头# 高使拦住准备自裁的青夜，还告诉她应该如何补偿过去犯下的错，但不得不或你们春秋道女杀手真是个狠人，回头的方式都很绝决！#风起洛阳# 风起洛阳：高秉烛没有让遗憾重演,6
303,#百里弘毅得知兄长假死真相# 真相揭露，我的哥哥竟是我的仇人，替仇人隐瞒真相才能保住全家，二郎太难了！#百里弘毅大义为先# #风起洛阳# 风起洛阳：百里弘毅得知兄长假死真相,7
304,#百里弘毅大义为先# #风起洛阳#【百里弘毅成就书】面对小家和大义的抉择，百里弘毅@UNIQ-王一博 最终选择做自己认为正确的事，怀着“赴死之心”面见圣人禀报实情！#华夏古城宇宙#,7
305,#百里弘毅永远做正确的事# 即使说出真相将面临“诛九族”的后果，百里弘毅还是毅然决然的决定向圣人坦白兄长当年假死真相。#百里弘毅大义为先##风起洛阳# 风起洛阳：百里弘毅永远做正确的事,7
306,"#风起洛阳# 含嘉仓现场发现线索，春秋道提前调换了仓中粮食？东川王公子楚身份暴露当街遇刺，联昉易主？城中百姓怒火将起，神都小分队该何去何从？今晚20：00@爱奇艺 神都浩劫已至。#华夏古城宇宙#
风起洛阳 第35集预告",5
307,#圣人问话处处坑# 加官进爵之路不易，奉御郎一定要小心回圣人话啊，每个问题都是坑。还好下官官卑职小，无需面圣~#风起洛阳# 风起洛阳：圣人问话处处坑,3
308,#百里弘毅大义为先# #风起洛阳#【百里弘毅成就书】面对小家和大义的抉择，百里弘毅@UNIQ-王一博 最终选择做自己认为正确的事，怀着“赴死之心”面见圣人禀报实情！#华夏古城宇宙#,7
309,奉御郎小喇叭调试完毕，神都子民请竖起耳朵 #武攸决演讲稳了# 识破春秋道阴谋，实现全民反诈，武攸决在行动！#风起洛阳# 风起洛阳：武攸决演讲稳了,6
310,#百里弘毅永远做正确的事# 即使说出真相将面临“诛九族”的后果，百里弘毅还是毅然决然的决定向圣人坦白兄长当年假死真相。#百里弘毅大义为先##风起洛阳# 风起洛阳：百里弘毅永远做正确的事,7
311,"#风起洛阳# 含嘉仓现场发现线索，春秋道提前调换了仓中粮食？东川王公子楚身份暴露当街遇刺，联昉易主？城中百姓怒火将起，神都小分队该何去何从？今晚20：00@爱奇艺 神都浩劫已至。#华夏古城宇宙#
风起洛阳 第35集预告",5
312,#圣人问话处处坑# 加官进爵之路不易，奉御郎一定要小心回圣人话啊，每个问题都是坑。还好下官官卑职小，无需面圣~#风起洛阳# 风起洛阳：圣人问话处处坑,3
313,#风起洛阳#【晚安打卡】小心伏火雷霆已引燃炸毁含嘉仓，武思月将全力查找现场遗留线索，查清春秋道还有何阴谋，神都居民们今夜受惊了~,5
314,身受重伤的公子楚在白檀的搀扶下颤颤巍巍回到联昉，遇到#武攸决接管联昉# ！公子楚无奈示意#高秉烛接旨#，而对于高秉烛来说，工作到一半临时换老板，职场生存危机，试问高使要如何应对呢？ #风起洛阳# 风起洛阳：武攸决接管联昉,6
315,#高秉烛下跪# #高秉烛又双叒叕被不良井责骂# 高使在不良井的待遇一如既往，但作为执戟郎，高秉烛顶住压力，办案有理有情！最终，高使成功获得了不良井民众的理解，五年来心中的大石头也终于能放下了！ #风起洛阳# 风起洛阳：高秉烛又双叒叕被不良井责骂,6
316,#武思月查得含嘉仓真相# 纵火残骸现场，月华君还能查出案件的细微线索，胆大心细说的就是思月小娘子！#风起洛阳# 风起洛阳：武思月查得春秋道换粮,4
317,#东川王面临失业危机# 如果东川王脱离“公子楚”身份，请各位父老乡亲给我们东川王一个下岗再就业的机会，我们东川王聪明机智有礼貌，帅气绅士有智慧~#风起洛阳# 《风起洛阳》东川王失业,4
318,#百里弘毅真相偏执症# #百里弘毅太惨了# 面对是自己兄长又是春秋道领首的百里宽仁，百里弘毅以真相与正义为先。二郎，坚守本心！#风起洛阳# 《风起洛阳》百里弘毅收到春秋道橄榄枝,7
319,#高秉烛百里弘毅默契拉满# 二郎彻夜解谜，终于找到伏火雷霆的安置点，答案与高秉烛的猜测不谋而合，这就是搭档的默契吧，两位郎君一起办案真是事半功倍！#风起洛阳# 《风起洛阳》高秉烛百里弘毅默契拉满,6
320,#高秉烛极限操作# #白檀真实武力值# 高冷白檀君首次出手，与执戟郎高秉烛兵分两路在千钧一发之际阻止春秋道引燃伏火雷霆。拯救神都联盟，出发！#风起洛阳# 《风起洛阳》高秉烛极限操作,6
321,#圣人出宫# 燃灯大典如期举行，圣人仪仗出宫去往天堂大殿，危机还未解除，此行会顺利吗？下官不敢看了，在线蹲一个结果~#风起洛阳# 《风起洛阳》圣人出宫,3
322,#圣人这次动真格了# 含嘉仓被炸毁，圣人动怒，以雷霆之势安排后续工作，直面春秋道挑衅。春秋道这次真的踢到铁板了！#风起洛阳# 《风起洛阳》圣人这次动真格了,3
323,#风起洛阳#【晚安打卡】小心伏火雷霆很可能已暗藏于城中，百里弘毅已派人反复检验城中安防布局、排查可疑之人，今夜居民们放心安睡吧~,5
324,#百里弘毅回忆与兄长过往# #掌春使就是百里宽仁# 百里弘毅回忆幼时与哥哥相处的点滴，原来温情中蕴藏着一切的源头。掌春使被揭穿就是昔日的百里宽仁，百里家兄弟俩一明一暗，一正一邪，会有一天刀剑相向吗？#风起洛阳# 《风起洛阳》百里弘毅回忆与兄长过往,7
325,#蒋龙rap太好笑了# 白浪来为大家展示一个隐藏技能，《风起洛阳》中看不到的河洛大鼓技能，今天就来挑战用河洛大鼓把 #华夏古城宇宙# 说破～ 蒋龙_Sunday的微博视频,10
326,#公子楚向圣人交代工作# 联昉未察觉伏火雷霆，公子楚借认罪之名向圣人申请援手。看来公子楚深谙汇报工作的诀窍，这招声东击西用得妙啊！#风起洛阳# 《风起洛阳》公子楚向圣人交代工作,6
327,#神都小分队兵分三路查案# 智者千虑，各位神都小分队的小伙伴，打起精神，护鼎神都！#百里弘毅排兵布阵# #风起洛阳# 《风起洛阳》神都小分队兵分三路查案,4
328,#武攸决斥责武思月失职#武思月除了是秉公执法的月华君，也是情深义重的阿月，虽然被奉御郎斥责，但阿月依然信任李北七。北斗君，你可千万不要辜负阿月呀！#风起洛阳# 《风起洛阳》武攸决斥责武思月失职,6
329,#高秉烛找到春秋道秘诀# “贯通魏洛遗棺，星罗棋布地下”诶?下官还没看完下文，青夜你让下官看完再烧。#风起洛阳# 《风起洛阳》高秉烛找到春秋道秘诀,6
330,#高秉烛审问逍遥子##高秉烛高能套话# 欢迎来到高秉烛逍遥子1V1Battle现场，“古有大椿者，西北生，瘴活之，遇河长”逍遥子发起语句循环攻击，且看高使如何反击！#风起洛阳# 《风起洛阳》高秉烛审问逍遥子,6
331,#风起洛阳# #武思月查案开启滚雪球模式# @宋茜 【宋茜】曾经那个稚嫩傲娇充满少年气的阿月变成如今成熟稳重可以独当一面的月华君了。武思月：“内卫刻训，背一百遍再走！声音要大！”#宋茜武思月# 网页链接,2
332,#百里弘毅查案查到亲哥头上# 咱就是说，百里弘毅今日开棺查案KPI也顺利完成了，上次是阿爷，这次是兄长…果然#百里弘毅不走寻常路# ！#风起洛阳# 《风起洛阳》百里弘毅不走寻常路,7
333,#高秉烛武思月告别# 高秉烛武思月山洞救援后第一次见面，没想到我们高使又把月华君惹哭了。#风起洛阳# 《风起洛阳》高秉烛武思月告别,6
334,#春秋道炼出伏火雷霆# 百里弘毅意外促成天通道人炼成伏火雷霆，它将用于何处呢？下官好担心神都将会有一场浩劫（瑟瑟发抖 #风起洛阳# 《风起洛阳》春秋道炼出伏火雷霆,5
335,"#风起洛阳裂火版海报# #风起洛阳#
力排雷霆之威，共生裂火之势。#华夏古城宇宙#",5
336,#高秉烛言出必行# 春秋道阴谋逐渐浮出水面，为了确保圣人和百姓安危，高秉烛尽职尽责劝公子楚上报取消燃灯大典！#风起洛阳# 《风起洛阳》高秉烛劝公子楚取消燃灯大典,6
337,#风起洛阳# #风起洛阳限时生效人物关系图# 神秘人物浮出水面，揭开谜底何其困难，神都人物关系图更新啦！有效期仅为一周，至本月29日~#华夏古城宇宙#,5
338,"#风起洛阳# 审问逍遥子又获新启发，开棺遇袭幸而化险为夷，内卫北斗君身在何处？今晚八点@爱奇艺 《风起洛阳》再获新线索！#华夏古城宇宙#
风起洛阳 第30集预告",5
339,#逼急武攸决只需要一件事# 向来喜怒不形于色的奉御郎因何在山中彻夜呼喊？为何与心腹北斗君质问发怒？因为他最在乎的妹妹遇到了危险。阿月，等哥哥来救你！ #风起洛阳# 《风起洛阳》逼急武攸决只需要一件事,6
340,错看谜底，如蒙云雾，燃灯大典在即，神都众人已深陷局中，@爱奇艺 #风起洛阳# 正在热播，今晚20：00再续神都破局传奇 ！#风起洛阳裂火版海报#,5
341,#风起洛阳# #宋茜武思月# @宋茜 【宋茜】武思月从阿月变成内卫月华君的打戏必须收藏行云流水般利落的身手虽然说是兄长的“安排”，但是打起来真的飒！原来平时办案很严谨的月华君打架赢了也会傲娇也会神气起来#宋茜阿月你别睡还有下一场派对# 网页链接,2
342,#蒋龙rap太好笑了# 客官请留步，毕竟是我第一次接广子！#华夏古城宇宙# 之洛阳到底有什么？快来和#风起洛阳# 白浪一起来探索吧～ 蒋龙_Sunday的微博视频,10
343,"#风起洛阳# #黄轩王一博笑点共鸣# 戏中高秉烛与百里弘毅之间默契满满，以馎饦为信号进行联系，戏外@黄轩的微博 和@UNIQ-王一博 分开的时候都在一本正经、有条不紊地推动进程，直到两人凑在一块儿，笑点开关立马打开#华夏古城宇宙#
《风起洛阳》花絮：黄轩王一博 双人碰撞 笑点开关",6
344,#风起洛阳# 【神都侧影】神都险象环生，背后谁人操控？#华夏古城宇宙#,5
345,"#风起洛阳# #王一博风起洛阳爆破戏花絮# 来啦~，面对片场的种种细节总是先认真和工作人员做好沟通，是很有想法的百里弘毅@UNIQ-王一博 ！#华夏古城宇宙#
《风起洛阳》花絮：脑力担当小百里 王一博丹炉爆炸戏",12
346,"#风起洛阳# #宋茜情绪感哭戏幕后# 第一次拍摄完后主动要求“再来一次”，焦急、担忧、紧张，沉浸在情绪中的@宋茜 久久难以平复，是思月本月了！#华夏古城宇宙#
《风起洛阳》花絮：思月心痛落泪 宋茜动情演绎",2
347,"#风起洛阳# #黄轩喜剧人骑马花絮# 剧中高秉烛飞身上马、帅气勒马样样在行，没想到在片场竟是驭马喜剧人，见证戏外高秉烛@黄轩的微博 驭马能力从0到Max的全过程！#华夏古城宇宙#
《风起洛阳》花絮：喜剧人黄轩驭马记",6
348,#风起洛阳线索全复盘# 告密者、奁山铜、伏火雷霆……神都诡谲之事勾连难分，众人步步踏入迷局之中，春秋道究竟意欲何为？欢迎诸位神都居民根据已有的线索链进行大胆猜想，期待下周三晚@爱奇艺 #风起洛阳# 持续揭秘！#华夏古城宇宙#,5
349,"#青云计划##明星剧好玩#
关于#风起洛阳#的一些Q&A，欢乐温暖又过瘾 张俪的微博视频",9
350,#窈娘真下线了# 想问十六夜死了，窈娘是不是还能抢救一下下？@风起洛阳官微 咱剧组有复活卡吗，求发…#风起洛阳#,4
351,"#风起洛阳#昨天看窈娘跟高秉烛那段真的看破防了。
一开始窈娘的出场就觉得不简单，真没想到会这么虐。尤其最后一句，高郎，对不起😣我不会再骗你了 网页链接",4
352,#风起洛阳# 【神都侧影】神都险象环生，背后谁人操控？#华夏古城宇宙#,5
353,"#风起洛阳# #王一博风起洛阳爆破戏花絮# 来啦~，面对片场的种种细节总是先认真和工作人员做好沟通，是很有想法的百里弘毅@UNIQ-王一博 ！#华夏古城宇宙#
《风起洛阳》花絮：脑力担当小百里 王一博丹炉爆炸戏",12
354,"#风起洛阳# #宋茜情绪感哭戏幕后# 第一次拍摄完后主动要求“再来一次”，焦急、担忧、紧张，沉浸在情绪中的@宋茜 久久难以平复，是思月本月了！#华夏古城宇宙#
《风起洛阳》花絮：思月心痛落泪 宋茜动情演绎",2
355,"#风起洛阳# #黄轩喜剧人骑马花絮# 剧中高秉烛飞身上马、帅气勒马样样在行，没想到在片场竟是驭马喜剧人，见证戏外高秉烛@黄轩的微博 驭马能力从0到Max的全过程！#华夏古城宇宙#
《风起洛阳》花絮：喜剧人黄轩驭马记",6
356,"#青云计划##明星剧好玩#
关于#风起洛阳#的一些Q&A，欢乐温暖又过瘾 张俪的微博视频",9
357,#窈娘真下线了# 想问十六夜死了，窈娘是不是还能抢救一下下？@风起洛阳官微 咱剧组有复活卡吗，求发…#风起洛阳#,4
358,"#风起洛阳#昨天看窈娘跟高秉烛那段真的看破防了。
一开始窈娘的出场就觉得不简单，真没想到会这么虐。尤其最后一句，高郎，对不起😣我不会再骗你了 网页链接",4
359,#风起洛阳# 一日追剧从精彩回顾开始~#高秉烛百里弘毅吃饭的两种形态# 一个豪放一个文雅，这难道就是传说中的反差餐桌礼仪？《风起洛阳》吃饭两种形态,4
360,#微博剧场# #风起洛阳# 花钿、披帛、璎珞、灵蛇髻、经典红配绿……古代审美有多少惊喜是我不知道的只想说古人也太会化妆了吧，咱就是说我的审美已经被窈娘狠狠拿捏了…,10
361,#高秉烛火场救武思月# 高秉烛为救武思月丢失重要线索，srds，冲进火场救人的高使真的很帅！#风起洛阳#  《风起洛阳》高秉烛火场救武思月2,6
362,神都小分队默契大考验，新任务之“行礼”！距离#风起洛阳# 开播还有【3】天~#华夏古城宇宙# 风起洛阳官微的微博视频,5
363,"#风起洛阳全阵容剧照海报# #风起洛阳#
群英咸集，同风起，向洛阳。#华夏古城宇宙#",5
364,"#风起洛阳# #华夏古城宇宙#
景依人所置，衣合人所裁，礼从心而行。
用态度，用热忱，用新意，去构建一个近在眼前的、鲜活的神都洛阳。",5
365,#风起洛阳定档# 扉启现风云，不念宫阁享乐，且问异动何处？#风起洛阳#,4
366,#风起洛阳定档# 扉启现风云 不眷钟鼓馔玉 且问所念何偿 #风起洛阳#,4
367,"《#风起洛阳# 》预计将于十月开机。
黄轩、宋茜、王一博主演",2
368,#新剧资讯# 据消息，古装题材电视剧《#风起洛阳# 》预计将于十月开机。该剧根据著名作家马伯庸原创故事《洛阳》改编，主要讲述了武则天时期发生的故事。 网传黄轩、王一博、宋茜有望主演。期待早日官宣！,2
369,"#风起洛阳# 折腾那么久依然还没官宣 就没必要拉踩
一旦官宣正如爆料的阵容 那就更没必要一齐骂骂咧咧的
因为都坐在一条船上了
好好拍
把作品更好的呈现
收益的是自己

主演们不作妖儿
粉丝就消停点 不挺好嘛
非法整个鱼死网破没意义",4
370,#风起洛阳# 一群b事那么多的小学🐔粉丝，撕来撕去不还是这几个人出演，如何选角难道别人没你们专业？！有本事你们去集资去决定选角啊，一群只知道给自家招黑眼睛长在头顶的人，粉丝行为影响演员口碑，是多想你家主子早日糊啊，我都替你们心疼，一部好剧被撕成烂饼，路人都笑掉大牙了。,4
371,#风起洛阳#以前网络没那么发达的时候粉丝哪来那么多戏，管的宽，谁跟谁演都是人家自己的事，喜欢就看，不喜欢就不看，手伸那么长干嘛，还不如以前没网的时候，一天天的吃饱饭没事干一样，野生经纪人一大堆，有那个能耐去做经纪人，娱乐圈大佬啊，那你想干嘛就干嘛，每次看到这些就很无语,4
372,#风起洛阳#无聊，没官宣的个剧和我们有毛线关系，有翡不香吗？冰雨火不香吗？有这时间我更愿意在私立蜀山学园下催它赶紧播，有翡再来个长点的片花，冰雨火也来点片花就更好了，这样想想就幸福(^o^)o啊啊,8
373,"【#新剧资讯# ：古装传奇悬疑剧《#风起洛阳# 》选角资讯】
该剧由爱奇艺和留白影视出品，改编自知名名作家马伯庸小说《洛阳》，主演：黄轩、王一博、宋茜，预计10月横店开机拍摄。",2
374,#风起洛阳#有点不期待了，还没开拍，演员还在溜粉阶段，这部剧的编剧就这么戏精了，各路黑子下场。真心好好看剧，追星不好吗？处处秀智商，给正主赚骂名的人也是够了。,4
375,#风起洛阳#这个世界就是这样，想说话很简单，碰碰嘴皮子动动手指头。想闭上嘴却很难。。。王一博太珍贵了，所以他说啥我都信，他干啥我都支持！这才是粉丝该做的,4
376,#风起洛阳# 四处溜达了一圈，发现王一博黑粉的数量简直多到难以想象，在各个“疑似”合作对象的微博底下造谣，传出要跟谁合作，wybh就是谁的粉丝/路好，套路都不带变的,4
377,#风起洛阳#希望王一博没有接下这部剧，真是太恶心人了，只会给我们扣锅，跟人家zly和cx合作的时候也没见这么一堆麻烦事儿。。。。,4
378,wyb粉丝有点自知之明吧，凭啥撕番啊，就不能正视演员粉就是看不上你们家吗#风起洛阳#,4
379,"#王一博# 看了一圈yxh帶節奏的、酸的、嘲的、造謠的、反串倒打一耙的，還有下面評論裸奔的，我都不知道王一博下一部要演什麼，是冰雨火要殺青了嗎？當初官宣冰雨火還歷歷在目，也是按頭撕番啊！劇照出來也是各種比較拉踩啊！是每個劇都走這流程來賺熱度嗎？還是王一博太紅了大家好關注他喔
最近這仗勢看起來大家好緊張喔! 所以是個好餅是嗎？下面評論激情納喊是毒餅、爛餅的我都錯覺以為你們是粉絲比粉絲還愛他，怕他接到爛劇呢 是毒餅你們就該閉嘴讓他演讓他扑不要告訴他 #风起洛阳#",8
380,#风起洛阳#有趣。男四都无所谓，也要看和谁拍，要是这个阵容这剧都能🔥，立志瘦三斤,4
381,#风起洛阳#从这部剧只看出没有人不想红，不想要流量和热度啥玩意儿演员啊，先踩着流量吹逼蹭完热度再说……,4
382,#风起洛阳#从这部剧只看出没有人不想红，不想要流量和热度啥玩意儿演员啊，先踩着流量吹逼蹭完热度再说……,4
383,#风起洛阳#真心希望是溜粉丝的！！剧骚操作真的骚，真心不期待！！我的心里话，编剧还是有粉籍的！！太骚,4
384,#风起洛阳#这部剧真的从头到尾溜王一博，现在编剧挂人按头这就是王一博粉丝？？怎么确定这就是人家粉丝？？还没有开拍呢，编剧开始现在就这么作妖了，我的天！！变相争热度吗，还是编剧想靠着流量红？？,4
385,#风起洛阳#我对这剧彻底没好感了 编剧这骚操作为了谁指向性很明显了吧？既然不喜欢他那为什么一开始招商恨不得通告是全写是wyb的名字 拿他博取热度 又暗戳戳的踩一脚 不想给任何眼神了,4
386,#风起洛阳# 不管粉丝跑的多快，说了多少遍“非官宣不约”，都不及一个小白号的一条私信管用，流量粉真是没人权,4
387,"#风起洛阳#这是剧没拍就要糊的节奏吧？没官宣编剧就开始提前透露艺人，还开始带节奏引战，真有意思！希望黄轩，王一博，宋茜集体不出席，让编剧路透个寂寞
三个都是我喜欢的演员，凭什么给你抬轿？莫名其妙！",4
388,#风起洛阳#不要什么锅都往王一博粉身上扣了好嘛，王一博粉什么时候和黄轩撕番位了？YXH发我们也管不住啊，而且下面一堆解释的你们看不到吗？当粉丝真累。。现在就希望希望王一博没接下这部剧，当个二番我们也认了，强行三番就真的没意思了。。男频。。,4
389,一部影视作品编剧才是核心，导演或演员再牛逼，没有一个好的剧本支撑作品也是没有灵魂的，故事都讲不清楚的烂片还少吗？然而在中国的影视圈编剧也是最没人权的，剧本被随意更改，稿酬被任意拖欠，甚至cast里也经常不见署名，作品成功了大众的关注点永远都是导演演员，失败了被骂的最多的可能就是编剧了，好的编剧真的可遇不可求，不知道这位编剧@青玫煮菁瓜 发出如下感慨是否属于被逼无奈@爱奇艺 @我不是霍小玉@留白影视 如果编剧带着愤懑工作对整个剧组都不是好事，请重视 ，毕竟粉丝之前对马亲王的新作#风起洛阳# 真的抱有不小的期待,4
390,#新剧资讯# 网剧《#风起洛阳# 》正在筹备中，该剧改编自马伯庸小说《洛阳》，用GPS地图式扫描洛阳神都盛景，全新脑洞新作，再续古都传奇！ 新奇的题材，大家期待吗？,2
391,#风起洛阳#通告很容易看出来是谁在撕番位了吧我们家只认官宣 某家最好少发点通告 别作了别作了,4
392,"#风起洛阳#姐姐家粉丝这么可怕吗从有一点风吹草动的时候就开始骂我家哥哥和我们，我们不是撕不过，只是成熟和理智告诉我们不轻易反击但是真不是好欺负的人
非官宣不约",4
393,#王一博这就是街舞3# wyb#风起洛阳# 我看看12级发帖会不会有标志,12
394,"#风起洛阳#
害，无语，期待王一博《有翡》、《冰雨火》",8
395,#风起洛阳# 某家粉有点数吧，这部剧一开始就没有你家姓名，说蹭热度的能不能好好去看看自己有几部剧是有这么大话题度的好好拍一番大女主上星剧吧，毕竟我只要求有个好班底就行，学到东西影响力大最重要呐~,4
396,"#风起洛阳# 正在#横店影视城# 筹备中
有人要回来了",4
397,"【马伯庸新剧《风起洛阳》定档@UNIQ-王一博 @宋茜 ，洛阳哪些地方会是主拍摄地？】#洛阳# #风起洛阳# 将中国古代文化和古都融入到影视作品中，《长安十二时辰》算比较成功的一个，而爱奇艺官宣的2020-2022年《风起洛阳》也为马伯庸笔下的作品，洛阳哪些古建筑和景点值得作为主拍摄地呢？

在主拍摄地方面，应天门及附近、老城十字街及附近、回民街及附近应该很有可能吧，美食方面，各种汤食、锅贴、蒸饺、浆面条、特色烧烤、牡丹燕菜、牡丹银丝酥应该也会直接上镜。

回顾在西安拍摄的《长安十二时辰》，建筑景点方面，长安城的楼阁、市门、108坊门、通济坊、曲江坊，青龙寺空海纪念堂与古原楼等等，艺术设计方面，唐装仕女，秉烛夜游，昆仑奴、胡旋舞方面，美食方面，羊肉泡馍、烤肉、火晶柿子 、胡饼 等等也都大火了起来。

希望新剧在洛阳拍摄和上映期间，洛阳可以借此机会让更多人看到古都洛阳文化的魅力",1
398,#风起洛阳# 洛阳有新消息了么,1
399,"#国风# 💕
#汉服# 💕
#风起洛阳# 💕
来喽
笔芯
洛阳",1
400,"🌟
《风起洛阳》开机仪式
▪️时间：八月底九月初
▪️地点：横店
▪️ 王一博
有名额 需要的滴滴#王一博##风起洛阳#",8
401,"【马伯庸新剧《风起洛阳》定档@UNIQ-王一博 @宋茜 ，洛阳哪些地方会是主拍摄地？】#洛阳# #风起洛阳# 将中国古代文化和古都融入到影视作品中，《长安十二时辰》算比较成功的一个，而爱奇艺官宣的2020-2022年《风起洛阳》也为马伯庸笔下的作品，洛阳哪些古建筑和景点值得作为主拍摄地呢？

在主拍摄地方面，应天门及附近、老城十字街及附近、回民街及附近应该很有可能吧，美食方面，各种汤食、锅贴、蒸饺、浆面条、特色烧烤、牡丹燕菜、牡丹银丝酥应该也会直接上镜。

回顾在西安拍摄的《长安十二时辰》，建筑景点方面，长安城的楼阁、市门、108坊门、通济坊、曲江坊，青龙寺空海纪念堂与古原楼等等，艺术设计方面，唐装仕女，秉烛夜游，昆仑奴、胡旋舞方面，美食方面，羊肉泡馍、烤肉、火晶柿子 、胡饼 等等也都大火了起来。

希望新剧在洛阳拍摄和上映期间，洛阳可以借此机会让更多人看到古都洛阳文化的魅力",1
402,#风起洛阳# 洛阳有新消息了么,1
403,"#国风# 💕
#汉服# 💕
#风起洛阳# 💕
来喽
笔芯
洛阳",1
404,"🌟
《风起洛阳》开机仪式
▪️时间：八月底九月初
▪️地点：横店
▪️ 王一博
有名额 需要的滴滴#王一博##风起洛阳#",8
405,"洛阳探店
#洛阳##风起洛阳#佳能200D2
【澄明之境】 洛阳·老城区",1
406,"花时间一个人去体验古城洛阳
#洛阳##风起洛阳#洛阳佳能200D2 洛阳·洛阳博物馆",1
407,"#王一博##风起洛阳# 《风起洛阳》王一博八月底九月初开机仪式 横店
内场 全款已出 便宜💰
开机仪式结束后还可以在拍摄现场看王一博拍戏一个小时左右 划算",8
408,@UNIQ-王一博 算是去年最红的艺人，因为#陈情令# 中蓝忘机大火，今年明年的多部待播剧也会更火。新综艺#这就是街舞3#18日将在@优酷 开播，影视剧待播的都是大剧，和赵丽颖主演的#王一博有翡# 将在湖南卫视播出，和陈晓主演的#冰雨火# 网络定在优酷，正在筹备的还有爱奇艺大剧#风起洛阳# 。期待#王一博# 。,8
409,#风起洛阳# 继《长安十二时辰》之后，马伯庸聚焦中国的另一座十三朝古都洛阳，新剧《风起洛阳》由王一博，宋茜主演，期待吗？,2
410,#风起洛阳#宋茜不约，请期待宋茜主演的心跳源计划裘佳宁和他其实没有那么爱你孙艺荷！内涵宋茜的没有必要，溜粉而已不要太较真！ 温州,2
411,"#风起洛阳#
这几天我觉得收获最大的就是剧方了叭
甭管到底最后谁演
反正您预热kpi是达到了
您官宣的几位艺人是真的惨
粉丝被您搞得当枪使
我大胆猜测您仙人跳了一波
心疼宋茜和王一博的粉丝",4
412,"#风起洛阳#
新剧《风起洛阳》由王一博，宋茜主演
拟定9月份开机～你最期待的是谁？",2
413,"#风起洛阳# #王一博冲浪一次成功#
风起洛阳，心钟情你
听闻洛阳有白牡丹，清纯却蠱众生
@UNIQ-王一博",8
414,"#风起洛阳# 就一个破网剧 真服了
男主这么有能耐 干脆只找w好了 找什么女主角啊，跟他家合作的 合作一个被撕一个 服了服了",4
415,影视瓜🍉#王一博# 和#宋茜# 将合作马伯庸《#风起洛阳# 》《长安十二时辰》同作者作品，爆款预订啊你觉得这部剧会爆吗？？,2
416,王一博，宋茜 将合作主演《#风起洛阳#》马伯庸老师的作品应该不会差，你期待这部剧吗？,2
417,#风起洛阳#我终于看明白了，宋茜粉丝认为轩是男一，博是男二，她们家是妥妥的女主？？难怪说话阴阳怪气的，可是…？这不是双男主剧吗？哪来的女主？而且还没宣呢，我的天，光顾着看她们家骂人了，才整明白！@爱奇艺 我们家没那么多事，管他几番呢，孩子认了我们就认，可是掏扑癌深拒，真的怕！你们这宣发为啥不带轩？什么情况？,4
418,#风起洛阳# 风起洛阳官宣阵容：王一博、宋茜。改编自马伯庸小说《洛阳》，超级期待呀,2
419,洛阳白牡丹王甜甜的#风起洛阳#,1
420,#风起洛阳# 据说男演员定了，女演员还在撕杀！某家掏扑癌患者想当一番得跟片方谈啊？骂男演员干嘛？你就算骂出💩来，除了证明你上面和下面长的一样还能证明什么？穿着颖宝粉丝的皮给欠欠站街合适吗？不会吧不会吧？把颖宝和欠欠放在一个档次不合适吧？,4
421,由爱奇艺、留白影视出品，马伯庸小说改编剧#风起洛阳#公布主演阵容: @UNIQ-王一博 @宋茜 。,2
422,##王一博粉丝作假倒打一趴# #风起洛阳# 风起洛阳的实力演员都请的不错，希望陈飞宇能出演，哦，可惜他会演三番男二的。,4
423,"#风起洛阳#
爱咋地咋地，还没官宣了，急个啥呀？
我们不在乎番位，但是你们刷黑磁条这就过分了！
神经病",4
424,#风起洛阳# 开开心心追星不香嘛？为什么要撕来撕去，一看就像溜粉的事有什么可撕的呢？演什么看什么支持就好了，剩下的不是我们可以决定的事。看着这一天天的太闹心了,4
425,"宋茜

不如先期待一下
#宋茜他其实没有那么爱你##风起洛阳#",2
426,"#风起洛阳# 1.我们家粉丝没有TOP癌，从不撕番，有翡冰雨火 都是好剧大制作，粉丝都没有其他意见，我们小王纵然现在热度高，但是他年轻，资历浅，还需要磨炼，能遇到好的作品，能和演技好艺德高的前辈合作是他的荣幸。他能学到好多东西，粉丝都替他高兴。
2.我们家非官宣不认，啥都还不是呢就开始口嗨了？也算见识了爱撕番家的粉丝是什么样了，领教了。本来路好非得被逼到讨厌，男频剧也要撕大女主一番也是活久见😫 。
3.粉丝尊重小啵本人的意愿，尊重剧本，尊重剧组还有合约，还是那句话，在我们家粉丝眼中，作品和角色本身的实际意义远远大于所谓的番位。举个栗子，小啵说他最喜欢的《寒战2》里彭于晏的那个反派角色，还有希斯莱杰的小丑这个经典角色，是主角么？是一番么？那好的演员演绎角色会真的那么在乎番位么？
4.但是，不撕番不代表我们家就要莫名受你们辱骂，你要是无缘无故以莫须有的罪名骂了我，我还不能反击了？",4
427,#风起洛阳# 开开心心追星不香嘛？为什么要撕来撕去，一看就像溜粉的事有什么可撕的呢？演什么看什么支持就好了，剩下的不是我们可以决定的事。看着这一天天的太闹心了,4
428,"宋茜

不如先期待一下
#宋茜他其实没有那么爱你##风起洛阳#",2
429,"#风起洛阳# 1.我们家粉丝没有TOP癌，从不撕番，有翡冰雨火 都是好剧大制作，粉丝都没有其他意见，我们小王纵然现在热度高，但是他年轻，资历浅，还需要磨炼，能遇到好的作品，能和演技好艺德高的前辈合作是他的荣幸。他能学到好多东西，粉丝都替他高兴。
2.我们家非官宣不认，啥都还不是呢就开始口嗨了？也算见识了爱撕番家的粉丝是什么样了，领教了。本来路好非得被逼到讨厌，男频剧也要撕大女主一番也是活久见😫 。
3.粉丝尊重小啵本人的意愿，尊重剧本，尊重剧组还有合约，还是那句话，在我们家粉丝眼中，作品和角色本身的实际意义远远大于所谓的番位。举个栗子，小啵说他最喜欢的《寒战2》里彭于晏的那个反派角色，还有希斯莱杰的小丑这个经典角色，是主角么？是一番么？那好的演员演绎角色会真的那么在乎番位么？
4.但是，不撕番不代表我们家就要莫名受你们辱骂，你要是无缘无故以莫须有的罪名骂了我，我还不能反击了？",4
430,"#风起洛阳#番位这东西不知道什么时候在这个时代成了一种争kpi的噱头，在那些曾经看剧的年代里，觉得重要的是你出演的角色你的演技你对作品的诠释和理解是否成功能塑造。如果你成功树立了一个角色在观众心里可以永远存在才是一个合格的演员也是一部会被世人认可的好剧。
争的一时名声，不好该骂的人还是会骂……",4
431,"近日，爱奇艺悦享会上公布了2020-2022大剧片单：

1、孙俪@turbosun 出演职场剧《理想之城》，饰演建筑行业的造价师孙筱，该剧由《雍正王朝》总编审吴兆龙监制剧本，曾执导《悬崖》《白鹿原》《美好生活》等剧的刘进执导；

2、《#风起洛阳#》首曝海报，并公布了两位主演：@UNIQ-王一博 和@宋茜 。马伯庸另外两本小说《汴京》和《四海鲸骑》也宣布将拍剧；

3、《棋魂》海报曝光，同时宣布三位主演，分别为胡先煦、张超、郝富申。该剧根据漫画改编，由小糖人操刀，《最好的我们》团队打造；

4、根据武侠小说《千门》改编的作品《云襄传》将拍；

5、《仙剑奇侠传4》将拍，海报曝光，宣布将由爱奇艺将携手新文化和新媒诚品拍摄；

6、梦枕貘小说《沙门空海·大唐鬼宴》(电影《妖猫传》原著小说)将拍剧版，由《少年的你》《七月与安生》编剧李媛创作，讲述少年李换九、僧人空海与大将军克烈跨越五十年的命运纠葛，预计2023年播出；

还有@刘诗诗 @倪妮V 《流金岁月》、@姚晨 @白宇WHITE 《假日暖洋洋》、@朱一龙 《叛逆者》、@李现ing 《人生若如初见》、@杨幂 《谢谢你医生》、@胡一天啊 《#亲爱的挚爱的#》等也在列。",2
432,我去，一天一夜了，有完没完？至于吗？一把年纪了！放过我们家小演员王一博吧！以后你只管演你的大女主就好了嘛！这种小角色宋茜阿姨看不上的，你高贵的粉丝也看不上，别骂了，别倒打一耙了！恶不恶心？#风起洛阳#,4
433,王一博王一博参演 风起洛阳 #风起洛阳#已经上百度百科了。只是还没有官宣而已。期待啵啵子的表现@UNIQ-王一博,12
